stock_code,stock_name,announcement_title,publish_date,pdf_url,source,error_message
601398,工商银行,工商银行2021<em>社会</em><em>责任</em>（ESG）<em>报告</em>,2022-03-31,http://www.cninfo.com.cn/new/disclosure/detail?stockCode=601398&announcementId=1212753514&orgId=jjxt0000019&announcementTime=2022-03-31,akshare_cninfo,
601398,工商银行,工商银行2022<em>社会</em><em>责任</em>（ESG）<em>报告</em>,2023-03-31,http://www.cninfo.com.cn/new/disclosure/detail?stockCode=601398&announcementId=1216282262&orgId=jjxt0000019&announcementTime=2023-03-31,akshare_cninfo,
601398,工商银行,工商银行2023<em>社会</em><em>责任</em>（ESG）<em>报告</em>,2024-03-28,http://www.cninfo.com.cn/new/disclosure/detail?stockCode=601398&announcementId=1219429136&orgId=jjxt0000019&announcementTime=2024-03-28,akshare_cninfo,
601398,工商银行,工商银行2024<em>可持续</em><em>发展</em><em>报告</em>,2025-03-29,http://www.cninfo.com.cn/new/disclosure/detail?stockCode=601398&announcementId=1222948913&orgId=jjxt0000019&announcementTime=2025-03-29,akshare_cninfo,
601398,工商银行,工商银行2025<em>可持续</em><em>发展</em><em>报告</em>,2026-03-28,http://www.cninfo.com.cn/new/disclosure/detail?stockCode=601398&announcementId=1225047021&orgId=jjxt0000019&announcementTime=2026-03-28,akshare_cninfo,
601939,建设银行,建设银行2021年<em>社会</em><em>责任</em><em>报告</em>,2022-03-30,http://www.cninfo.com.cn/new/disclosure/detail?stockCode=601939&announcementId=1212730968&orgId=9900003682&announcementTime=2022-03-30,akshare_cninfo,
601939,建设银行,建设银行2022年<em>社会</em><em>责任</em><em>报告</em>,2023-03-30,http://www.cninfo.com.cn/new/disclosure/detail?stockCode=601939&announcementId=1216262765&orgId=9900003682&announcementTime=2023-03-30,akshare_cninfo,
601939,建设银行,建设银行2023年<em>社会</em><em>责任</em><em>报告</em>,2024-03-29,http://www.cninfo.com.cn/new/disclosure/detail?stockCode=601939&announcementId=1219447699&orgId=9900003682&announcementTime=2024-03-29,akshare_cninfo,
601939,建设银行,建设银行2024年<em>可持续</em><em>发展</em><em>报告</em>,2025-03-29,http://www.cninfo.com.cn/new/disclosure/detail?stockCode=601939&announcementId=1222940495&orgId=9900003682&announcementTime=2025-03-29,akshare_cninfo,
601288,农业银行,农业银行2021年<em>社会</em><em>责任</em><em>报告</em>（环境、<em>社会</em>及治理<em>报告</em>）,2022-03-31,http://www.cninfo.com.cn/new/disclosure/detail?stockCode=601288&announcementId=1212749877&orgId=jjxt0000020&announcementTime=2022-03-31,akshare_cninfo,
601288,农业银行,农业银行2022<em>社会</em><em>责任</em><em>报告</em>（环境、<em>社会</em>及治理<em>报告</em>）,2023-03-31,http://www.cninfo.com.cn/new/disclosure/detail?stockCode=601288&announcementId=1216276180&orgId=jjxt0000020&announcementTime=2023-03-31,akshare_cninfo,
601288,农业银行,农业银行2023<em>社会</em><em>责任</em><em>报告</em>（环境、<em>社会</em>及治理<em>报告</em>）,2024-03-29,http://www.cninfo.com.cn/new/disclosure/detail?stockCode=601288&announcementId=1219445729&orgId=jjxt0000020&announcementTime=2024-03-29,akshare_cninfo,
601288,农业银行,农业银行2024年度<em>可持续</em><em>发展</em><em>报告</em>,2025-03-29,http://www.cninfo.com.cn/new/disclosure/detail?stockCode=601288&announcementId=1222943090&orgId=jjxt0000020&announcementTime=2025-03-29,akshare_cninfo,
601288,农业银行,农业银行2025年度<em>可持续</em><em>发展</em><em>报告</em>,2026-03-31,http://www.cninfo.com.cn/new/disclosure/detail?stockCode=601288&announcementId=1225056284&orgId=jjxt0000020&announcementTime=2026-03-31,akshare_cninfo,
601988,中国银行,中国银行股份有限公司2021年度<em>社会</em><em>责任</em><em>报告</em>（环境、<em>社会</em>、治理）,2022-03-30,http://www.cninfo.com.cn/new/disclosure/detail?stockCode=601988&announcementId=1212727439&orgId=jjxt0000028&announcementTime=2022-03-30,akshare_cninfo,
601988,中国银行,中国银行股份有限公司2022年度<em>社会</em><em>责任</em><em>报告</em>（环境、<em>社会</em>、治理）,2023-03-31,http://www.cninfo.com.cn/new/disclosure/detail?stockCode=601988&announcementId=1216276311&orgId=jjxt0000028&announcementTime=2023-03-31,akshare_cninfo,
601988,中国银行,中国银行股份有限公司2023年度<em>社会</em><em>责任</em><em>报告</em>（环境、<em>社会</em>、治理）,2024-03-29,http://www.cninfo.com.cn/new/disclosure/detail?stockCode=601988&announcementId=1219445794&orgId=jjxt0000028&announcementTime=2024-03-29,akshare_cninfo,
601988,中国银行,中国银行股份有限公司2024年度<em>社会</em><em>责任</em><em>报告</em>（环境、<em>社会</em>、治理）,2025-03-27,http://www.cninfo.com.cn/new/disclosure/detail?stockCode=601988&announcementId=1222911235&orgId=jjxt0000028&announcementTime=2025-03-27,akshare_cninfo,
601988,中国银行,中国银行股份有限公司2025年度<em>可持续</em><em>发展</em><em>报告</em>,2026-03-31,http://www.cninfo.com.cn/new/disclosure/detail?stockCode=601988&announcementId=1225058484&orgId=jjxt0000028&announcementTime=2026-03-31,akshare_cninfo,
601328,交通银行,交通银行2021年<em>社会</em><em>责任</em>（ESG）<em>报告</em>,2022-03-26,http://www.cninfo.com.cn/new/disclosure/detail?stockCode=601328&announcementId=1212686677&orgId=9900002841&announcementTime=2022-03-26,akshare_cninfo,
601328,交通银行,交通银行2023年度<em>社会</em><em>责任</em>（ESG）<em>报告</em>,2024-03-28,http://www.cninfo.com.cn/new/disclosure/detail?stockCode=601328&announcementId=1219427322&orgId=9900002841&announcementTime=2024-03-28,akshare_cninfo,
601328,交通银行,交通银行2024年度<em>社会</em><em>责任</em>（ESG）<em>报告</em>,2025-03-22,http://www.cninfo.com.cn/new/disclosure/detail?stockCode=601328&announcementId=1222869569&orgId=9900002841&announcementTime=2025-03-22,akshare_cninfo,
601328,交通银行,交通银行2022年度社会责任（<em>ESG</em>）<em>报告</em>,2023-03-31,http://www.cninfo.com.cn/new/disclosure/detail?stockCode=601328&announcementId=1216276216&orgId=9900002841&announcementTime=2023-03-31,akshare_cninfo,
601328,交通银行,交通银行2025年度<em>可持续</em><em>发展</em><em>报告</em>,2026-03-28,http://www.cninfo.com.cn/new/disclosure/detail?stockCode=601328&announcementId=1225047340&orgId=9900002841&announcementTime=2026-03-28,akshare_cninfo,
601658,邮储银行,中国邮政储蓄银行2021年<em>社会</em><em>责任</em>(环境、<em>社会</em>、管治)<em>报告</em>,2022-03-31,http://www.cninfo.com.cn/new/disclosure/detail?stockCode=601658&announcementId=1212744226&orgId=9900005091&announcementTime=2022-03-31,akshare_cninfo,
601658,邮储银行,中国邮政储蓄银行2022年<em>社会</em><em>责任</em>（环境、<em>社会</em>、管治）<em>报告</em>,2023-03-31,http://www.cninfo.com.cn/new/disclosure/detail?stockCode=601658&announcementId=1216273537&orgId=9900005091&announcementTime=2023-03-31,akshare_cninfo,
601658,邮储银行,中国邮政储蓄银行2023年<em>社会</em><em>责任</em>（环境、<em>社会</em>、管治）<em>报告</em>,2024-03-29,http://www.cninfo.com.cn/new/disclosure/detail?stockCode=601658&announcementId=1219443318&orgId=9900005091&announcementTime=2024-03-29,akshare_cninfo,
601658,邮储银行,中国邮政储蓄银行2024年<em>可持续</em><em>发展</em><em>报告</em>,2025-03-28,http://www.cninfo.com.cn/new/disclosure/detail?stockCode=601658&announcementId=1222927897&orgId=9900005091&announcementTime=2025-03-28,akshare_cninfo,
601658,邮储银行,中国邮政储蓄银行2025年<em>可持续</em><em>发展</em><em>报告</em>,2026-03-28,http://www.cninfo.com.cn/new/disclosure/detail?stockCode=601658&announcementId=1225047866&orgId=9900005091&announcementTime=2026-03-28,akshare_cninfo,
000001,平安银行,2021年<em>社会</em><em>责任</em><em>报告</em>,2022-03-10,http://www.cninfo.com.cn/new/disclosure/detail?stockCode=000001&announcementId=1212533363&orgId=gssz0000001&announcementTime=2022-03-10,akshare_cninfo,
000001,平安银行,2022年<em>社会</em><em>责任</em><em>报告</em>,2023-03-09,http://www.cninfo.com.cn/new/disclosure/detail?stockCode=000001&announcementId=1216072949&orgId=gssz0000001&announcementTime=2023-03-09,akshare_cninfo,
000001,平安银行,2023年<em>社会</em><em>责任</em><em>报告</em>,2024-03-15,http://www.cninfo.com.cn/new/disclosure/detail?stockCode=000001&announcementId=1219306480&orgId=gssz0000001&announcementTime=2024-03-15,akshare_cninfo,
000001,平安银行,2024年<em>可持续</em><em>发展</em><em>报告</em>,2025-03-15,http://www.cninfo.com.cn/new/disclosure/detail?stockCode=000001&announcementId=1222806510&orgId=gssz0000001&announcementTime=2025-03-15,akshare_cninfo,
000001,平安银行,2025年度<em>可持续</em><em>发展</em><em>报告</em>,2026-03-21,http://www.cninfo.com.cn/new/disclosure/detail?stockCode=000001&announcementId=1225022899&orgId=gssz0000001&announcementTime=2026-03-21,akshare_cninfo,
600036,招商银行,招商银行股份有限公司2021年<em>可持续</em><em>发展</em><em>报告</em>,2022-03-19,http://www.cninfo.com.cn/new/disclosure/detail?stockCode=600036&announcementId=1212626213&orgId=gssh0600036&announcementTime=2022-03-19,akshare_cninfo,
600036,招商银行,招商银行股份有限公司2022年度<em>可持续</em><em>发展</em><em>报告</em>,2023-03-25,http://www.cninfo.com.cn/new/disclosure/detail?stockCode=600036&announcementId=1216221325&orgId=gssh0600036&announcementTime=2023-03-25,akshare_cninfo,
600036,招商银行,招商银行股份有限公司2023年度<em>可持续</em><em>发展</em><em>报告</em>,2024-03-26,http://www.cninfo.com.cn/new/disclosure/detail?stockCode=600036&announcementId=1219403492&orgId=gssh0600036&announcementTime=2024-03-26,akshare_cninfo,
600036,招商银行,招商银行股份有限公司2024年度<em>可持续</em><em>发展</em><em>报告</em>,2025-03-26,http://www.cninfo.com.cn/new/disclosure/detail?stockCode=600036&announcementId=1222895146&orgId=gssh0600036&announcementTime=2025-03-26,akshare_cninfo,
601166,兴业银行,兴业银行股份有限公司2021年度<em>可持续</em><em>发展</em><em>报告</em>,2022-03-25,http://www.cninfo.com.cn/new/disclosure/detail?stockCode=601166&announcementId=1212671858&orgId=9900002081&announcementTime=2022-03-25,akshare_cninfo,
601166,兴业银行,兴业银行股份有限公司2022年年度<em>可持续</em><em>发展</em><em>报告</em>,2023-03-31,http://www.cninfo.com.cn/new/disclosure/detail?stockCode=601166&announcementId=1216279419&orgId=9900002081&announcementTime=2023-03-31,akshare_cninfo,
601166,兴业银行,兴业银行2023年年度<em>可持续</em><em>发展</em><em>报告</em>,2024-03-29,http://www.cninfo.com.cn/new/disclosure/detail?stockCode=601166&announcementId=1219445712&orgId=9900002081&announcementTime=2024-03-29,akshare_cninfo,
601166,兴业银行,兴业银行2024年年度<em>可持续</em><em>发展</em><em>报告</em>,2025-03-28,http://www.cninfo.com.cn/new/disclosure/detail?stockCode=601166&announcementId=1222927162&orgId=9900002081&announcementTime=2025-03-28,akshare_cninfo,
601166,兴业银行,兴业银行2025年年度<em>可持续</em><em>发展</em><em>报告</em>,2026-03-27,http://www.cninfo.com.cn/new/disclosure/detail?stockCode=601166&announcementId=1225039296&orgId=9900002081&announcementTime=2026-03-27,akshare_cninfo,
601998,中信银行,中信银行股份有限公司2021年度<em>可持续</em><em>发展</em><em>报告</em>,2022-03-25,http://www.cninfo.com.cn/new/disclosure/detail?stockCode=601998&announcementId=1212669953&orgId=9900002721&announcementTime=2022-03-25,akshare_cninfo,
601998,中信银行,中信银行股份有限公司2022年度<em>可持续</em><em>发展</em><em>报告</em>,2023-03-24,http://www.cninfo.com.cn/new/disclosure/detail?stockCode=601998&announcementId=1216202398&orgId=9900002721&announcementTime=2023-03-24,akshare_cninfo,
601998,中信银行,中信银行股份有限公司2023年度<em>可持续</em><em>发展</em><em>报告</em>,2024-03-22,http://www.cninfo.com.cn/new/disclosure/detail?stockCode=601998&announcementId=1219375053&orgId=9900002721&announcementTime=2024-03-22,akshare_cninfo,
601998,中信银行,中信银行股份有限公司2024年度<em>可持续</em><em>发展</em><em>报告</em>,2025-03-27,http://www.cninfo.com.cn/new/disclosure/detail?stockCode=601998&announcementId=1222911387&orgId=9900002721&announcementTime=2025-03-27,akshare_cninfo,
600000,浦发银行,上海浦东发展银行股份有限公司2021年企业<em>社会</em><em>责任</em><em>报告</em>,2022-04-28,http://www.cninfo.com.cn/new/disclosure/detail?stockCode=600000&announcementId=1213175134&orgId=gssh0600000&announcementTime=2022-04-28,akshare_cninfo,
600000,浦发银行,上海浦东发展银行股份有限公司2022年企业<em>社会</em><em>责任</em><em>报告</em>,2023-04-19,http://www.cninfo.com.cn/new/disclosure/detail?stockCode=600000&announcementId=1216456472&orgId=gssh0600000&announcementTime=2023-04-19,akshare_cninfo,
600000,浦发银行,浦发银行2023年度企业<em>社会</em><em>责任</em><em>报告</em>（环境、<em>社会</em>及治理<em>报告</em>）,2024-04-30,http://www.cninfo.com.cn/new/disclosure/detail?stockCode=600000&announcementId=1219910195&orgId=gssh0600000&announcementTime=2024-04-30,akshare_cninfo,
600000,浦发银行,上海浦东<em>发展</em>银行股份有限公司2024年度<em>可持续</em><em>发展</em><em>报告</em>,2025-03-29,http://www.cninfo.com.cn/new/disclosure/detail?stockCode=600000&announcementId=1222948224&orgId=gssh0600000&announcementTime=2025-03-29,akshare_cninfo,
601818,光大银行,中国光大银行股份有限公司2021年度<em>社会</em><em>责任</em><em>报告</em>,2022-03-26,http://www.cninfo.com.cn/new/disclosure/detail?stockCode=601818&announcementId=1212687499&orgId=9900006246&announcementTime=2022-03-26,akshare_cninfo,
601818,光大银行,中国光大银行股份有限公司2022年度<em>社会</em><em>责任</em>（环境、<em>社会</em>及治理）<em>报告</em>,2023-03-25,http://www.cninfo.com.cn/new/disclosure/detail?stockCode=601818&announcementId=1216221039&orgId=9900006246&announcementTime=2023-03-25,akshare_cninfo,
601818,光大银行,中国光大银行股份有限公司2023年度<em>社会</em><em>责任</em>（环境、<em>社会</em>及治理）<em>报告</em>,2024-03-28,http://www.cninfo.com.cn/new/disclosure/detail?stockCode=601818&announcementId=1219427336&orgId=9900006246&announcementTime=2024-03-28,akshare_cninfo,
601818,光大银行,中国光大银行股份有限公司2024年度<em>社会</em><em>责任</em>（环境、<em>社会</em>及治理）<em>报告</em>,2025-03-29,http://www.cninfo.com.cn/new/disclosure/detail?stockCode=601818&announcementId=1222947755&orgId=9900006246&announcementTime=2025-03-29,akshare_cninfo,
601818,光大银行,中国光大银行股份有限公司2025年度<em>可持续</em><em>发展</em><em>报告</em>,2026-03-31,http://www.cninfo.com.cn/new/disclosure/detail?stockCode=601818&announcementId=1225061518&orgId=9900006246&announcementTime=2026-03-31,akshare_cninfo,
600016,民生银行,中国民生银行2021年度<em>社会</em><em>责任</em><em>报告</em>,2022-03-30,http://www.cninfo.com.cn/new/disclosure/detail?stockCode=600016&announcementId=1212728495&orgId=gssh0600016&announcementTime=2022-03-30,akshare_cninfo,
600016,民生银行,中国民生银行2022年度<em>社会</em><em>责任</em><em>报告</em>,2023-03-28,http://www.cninfo.com.cn/new/disclosure/detail?stockCode=600016&announcementId=1216238252&orgId=gssh0600016&announcementTime=2023-03-28,akshare_cninfo,
600016,民生银行,中国民生银行2023年度<em>社会</em><em>责任</em><em>报告</em>,2024-03-29,http://www.cninfo.com.cn/new/disclosure/detail?stockCode=600016&announcementId=1219445427&orgId=gssh0600016&announcementTime=2024-03-29,akshare_cninfo,
600016,民生银行,中国民生银行2024年度<em>社会</em><em>责任</em><em>报告</em>,2025-03-29,http://www.cninfo.com.cn/new/disclosure/detail?stockCode=600016&announcementId=1222951343&orgId=gssh0600016&announcementTime=2025-03-29,akshare_cninfo,
600016,民生银行,中国民生银行2025年度<em>社会</em><em>责任</em><em>报告</em>,2026-03-31,http://www.cninfo.com.cn/new/disclosure/detail?stockCode=600016&announcementId=1225062833&orgId=gssh0600016&announcementTime=2026-03-31,akshare_cninfo,
600016,民生银行,中国民生银行2021年度<em>ESG</em><em>报告</em>,2022-03-30,http://www.cninfo.com.cn/new/disclosure/detail?stockCode=600016&announcementId=1212728499&orgId=gssh0600016&announcementTime=2022-03-30,akshare_cninfo,
600016,民生银行,中国民生银行2022年度环境、社会、治理（<em>ESG</em>）<em>报告</em>,2023-03-28,http://www.cninfo.com.cn/new/disclosure/detail?stockCode=600016&announcementId=1216238247&orgId=gssh0600016&announcementTime=2023-03-28,akshare_cninfo,
600016,民生银行,中国民生银行2023年度环境、社会及管治（<em>ESG</em>）<em>报告</em>,2024-03-29,http://www.cninfo.com.cn/new/disclosure/detail?stockCode=600016&announcementId=1219445432&orgId=gssh0600016&announcementTime=2024-03-29,akshare_cninfo,
600016,民生银行,中国民生银行2024年度环境、社会及治理（<em>ESG</em>）<em>报告</em>,2025-03-29,http://www.cninfo.com.cn/new/disclosure/detail?stockCode=600016&announcementId=1222951338&orgId=gssh0600016&announcementTime=2025-03-29,akshare_cninfo,
600016,民生银行,中国民生银行2025年度可持续发展（<em>ESG</em>）<em>报告</em>,2026-03-31,http://www.cninfo.com.cn/new/disclosure/detail?stockCode=600016&announcementId=1225062836&orgId=gssh0600016&announcementTime=2026-03-31,akshare_cninfo,
600015,华夏银行,华夏银行2021<em>社会</em><em>责任</em><em>报告</em>（英文版）,2022-04-30,http://www.cninfo.com.cn/new/disclosure/detail?stockCode=600015&announcementId=1213267945&orgId=gssh0600015&announcementTime=2022-04-30,akshare_cninfo,
600015,华夏银行,华夏银行2022年<em>社会</em><em>责任</em><em>报告</em>,2023-04-28,http://www.cninfo.com.cn/new/disclosure/detail?stockCode=600015&announcementId=1216660905&orgId=gssh0600015&announcementTime=2023-04-28,akshare_cninfo,
600015,华夏银行,华夏银行2023年<em>社会</em><em>责任</em><em>报告</em>,2024-04-30,http://www.cninfo.com.cn/new/disclosure/detail?stockCode=600015&announcementId=1219904606&orgId=gssh0600015&announcementTime=2024-04-30,akshare_cninfo,
600015,华夏银行,华夏银行2024年<em>社会</em><em>责任</em><em>报告</em>（英文版）,2025-04-18,http://www.cninfo.com.cn/new/disclosure/detail?stockCode=600015&announcementId=1223129821&orgId=gssh0600015&announcementTime=2025-04-18,akshare_cninfo,
600015,华夏银行,华夏银行2025年度<em>可持续</em><em>发展</em><em>报告</em>,2026-03-31,http://www.cninfo.com.cn/new/disclosure/detail?stockCode=600015&announcementId=1225058304&orgId=gssh0600015&announcementTime=2026-03-31,akshare_cninfo,
601916,浙商银行,浙商银行股份有限公司2021年<em>社会</em><em>责任</em><em>报告</em>,2022-03-30,http://www.cninfo.com.cn/new/disclosure/detail?stockCode=601916&announcementId=1212729910&orgId=9900007207&announcementTime=2022-03-30,akshare_cninfo,
601916,浙商银行,浙商银行股份有限公司2022年<em>社会</em><em>责任</em><em>报告</em>,2023-03-28,http://www.cninfo.com.cn/new/disclosure/detail?stockCode=601916&announcementId=1216234455&orgId=9900007207&announcementTime=2023-03-28,akshare_cninfo,
601916,浙商银行,浙商银行股份有限公司2023年<em>社会</em><em>责任</em><em>报告</em>,2024-03-29,http://www.cninfo.com.cn/new/disclosure/detail?stockCode=601916&announcementId=1219447647&orgId=9900007207&announcementTime=2024-03-29,akshare_cninfo,
601916,浙商银行,浙商银行股份有限公司2024年<em>可持续</em><em>发展</em><em>报告</em>,2025-03-29,http://www.cninfo.com.cn/new/disclosure/detail?stockCode=601916&announcementId=1222947800&orgId=9900007207&announcementTime=2025-03-29,akshare_cninfo,
601916,浙商银行,浙商银行股份有限公司2025年<em>可持续</em><em>发展</em><em>报告</em>,2026-03-31,http://www.cninfo.com.cn/new/disclosure/detail?stockCode=601916&announcementId=1225060844&orgId=9900007207&announcementTime=2026-03-31,akshare_cninfo,
002142,宁波银行,2021年<em>社会</em><em>责任</em><em>报告</em>,2022-04-08,http://www.cninfo.com.cn/new/disclosure/detail?stockCode=002142&announcementId=1212837562&orgId=9900003281&announcementTime=2022-04-08,akshare_cninfo,
002142,宁波银行,2022年<em>社会</em><em>责任</em><em>报告</em>,2023-04-06,http://www.cninfo.com.cn/new/disclosure/detail?stockCode=002142&announcementId=1216331264&orgId=9900003281&announcementTime=2023-04-06,akshare_cninfo,
002142,宁波银行,2023年<em>社会</em><em>责任</em><em>报告</em>,2024-04-10,http://www.cninfo.com.cn/new/disclosure/detail?stockCode=002142&announcementId=1219551828&orgId=9900003281&announcementTime=2024-04-10,akshare_cninfo,
002142,宁波银行,宁波银行股份有限公司2024年度<em>可持续</em><em>发展</em>（ESG）<em>报告</em>,2025-04-10,http://www.cninfo.com.cn/new/disclosure/detail?stockCode=002142&announcementId=1223045161&orgId=9900003281&announcementTime=2025-04-10,akshare_cninfo,
002142,宁波银行,宁波银行股份有限公司2025年度<em>可持续</em><em>发展</em>（ESG）<em>报告</em>,2026-04-25,http://www.cninfo.com.cn/new/disclosure/detail?stockCode=002142&announcementId=1225189445&orgId=9900003281&announcementTime=2026-04-25,akshare_cninfo,
600919,江苏银行,江苏银行2021年度<em>社会</em><em>责任</em><em>报告</em>暨ESG<em>报告</em>,2022-04-13,http://www.cninfo.com.cn/new/disclosure/detail?stockCode=600919&announcementId=1212897906&orgId=9900006248&announcementTime=2022-04-13,akshare_cninfo,
600919,江苏银行,江苏银行2022年度ESG暨<em>社会</em><em>责任</em><em>报告</em>,2023-04-26,http://www.cninfo.com.cn/new/disclosure/detail?stockCode=600919&announcementId=1216586596&orgId=9900006248&announcementTime=2023-04-26,akshare_cninfo,
600919,江苏银行,江苏银行2023年ESG暨<em>社会</em><em>责任</em><em>报告</em>,2024-04-26,http://www.cninfo.com.cn/new/disclosure/detail?stockCode=600919&announcementId=1219833470&orgId=9900006248&announcementTime=2024-04-26,akshare_cninfo,
600919,江苏银行,江苏银行2024年ESG（环境、<em>社会</em>及治理）暨<em>社会</em><em>责任</em><em>报告</em>,2025-04-19,http://www.cninfo.com.cn/new/disclosure/detail?stockCode=600919&announcementId=1223143261&orgId=9900006248&announcementTime=2025-04-19,akshare_cninfo,
601229,上海银行,上海银行2021年度<em>社会</em><em>责任</em><em>报告</em>,2022-04-22,http://www.cninfo.com.cn/new/disclosure/detail?stockCode=601229&announcementId=1213030160&orgId=9900010207&announcementTime=2022-04-22,akshare_cninfo,
601229,上海银行,上海银行2022年度<em>社会</em><em>责任</em><em>报告</em>,2023-04-28,http://www.cninfo.com.cn/new/disclosure/detail?stockCode=601229&announcementId=1216664772&orgId=9900010207&announcementTime=2023-04-28,akshare_cninfo,
601229,上海银行,上海银行2023年度<em>社会</em><em>责任</em>（ESG）<em>报告</em>,2024-04-26,http://www.cninfo.com.cn/new/disclosure/detail?stockCode=601229&announcementId=1219842057&orgId=9900010207&announcementTime=2024-04-26,akshare_cninfo,
601229,上海银行,上海银行2024年度<em>社会</em><em>责任</em>（ESG）<em>报告</em>,2025-04-25,http://www.cninfo.com.cn/new/disclosure/detail?stockCode=601229&announcementId=1223286933&orgId=9900010207&announcementTime=2025-04-25,akshare_cninfo,
600926,杭州银行,杭州银行2021年度<em>社会</em><em>责任</em><em>报告</em>,2022-04-16,http://www.cninfo.com.cn/new/disclosure/detail?stockCode=600926&announcementId=1212942447&orgId=9900006251&announcementTime=2022-04-16,akshare_cninfo,
600926,杭州银行,杭州银行2022年度<em>社会</em><em>责任</em><em>报告</em>,2023-04-26,http://www.cninfo.com.cn/new/disclosure/detail?stockCode=600926&announcementId=1216586604&orgId=9900006251&announcementTime=2023-04-26,akshare_cninfo,
600926,杭州银行,杭州银行2023年度<em>社会</em><em>责任</em><em>报告</em>,2024-04-20,http://www.cninfo.com.cn/new/disclosure/detail?stockCode=600926&announcementId=1219702551&orgId=9900006251&announcementTime=2024-04-20,akshare_cninfo,
600926,杭州银行,杭州银行2024年度<em>可持续</em><em>发展</em><em>报告</em>,2025-04-12,http://www.cninfo.com.cn/new/disclosure/detail?stockCode=600926&announcementId=1223072723&orgId=9900006251&announcementTime=2025-04-12,akshare_cninfo,
600926,杭州银行,杭州银行2025年度<em>可持续</em><em>发展</em><em>报告</em>,2026-04-23,http://www.cninfo.com.cn/new/disclosure/detail?stockCode=600926&announcementId=1225157186&orgId=9900006251&announcementTime=2026-04-23,akshare_cninfo,
601169,北京银行,北京银行2021年<em>社会</em><em>责任</em><em>报告</em>,2022-04-30,http://www.cninfo.com.cn/new/disclosure/detail?stockCode=601169&announcementId=1213270798&orgId=9900003642&announcementTime=2022-04-30,akshare_cninfo,
601169,北京银行,北京银行2022年<em>社会</em><em>责任</em>暨ESG<em>报告</em>,2023-04-08,http://www.cninfo.com.cn/new/disclosure/detail?stockCode=601169&announcementId=1216358080&orgId=9900003642&announcementTime=2023-04-08,akshare_cninfo,
601169,北京银行,北京银行股份有限公司2023年<em>社会</em><em>责任</em>暨ESG<em>报告</em>,2024-04-12,http://www.cninfo.com.cn/new/disclosure/detail?stockCode=601169&announcementId=1219583298&orgId=9900003642&announcementTime=2024-04-12,akshare_cninfo,
601169,北京银行,北京银行股份有限公司2024年<em>社会</em><em>责任</em>暨ESG<em>报告</em>,2025-04-15,http://www.cninfo.com.cn/new/disclosure/detail?stockCode=601169&announcementId=1223096753&orgId=9900003642&announcementTime=2025-04-15,akshare_cninfo,
601169,北京银行,北京银行股份有限公司2021年环境、社会和治理（<em>ESG</em>）专题<em>报告</em>,2022-08-31,http://www.cninfo.com.cn/new/disclosure/detail?stockCode=601169&announcementId=1214474230&orgId=9900003642&announcementTime=2022-08-31,akshare_cninfo,
601169,北京银行,北京银行股份有限公司2025年<em>可持续</em><em>发展</em><em>报告</em>,2026-04-28,http://www.cninfo.com.cn/new/disclosure/detail?stockCode=601169&announcementId=1225217665&orgId=9900003642&announcementTime=2026-04-28,akshare_cninfo,
601838,成都银行,成都银行股份有限公司2021年度<em>社会</em><em>责任</em><em>报告</em>,2022-04-28,http://www.cninfo.com.cn/new/disclosure/detail?stockCode=601838&announcementId=1213177276&orgId=9900021318&announcementTime=2022-04-28,akshare_cninfo,
601838,成都银行,成都银行2022年度<em>社会</em><em>责任</em><em>报告</em>,2023-04-26,http://www.cninfo.com.cn/new/disclosure/detail?stockCode=601838&announcementId=1216595303&orgId=9900021318&announcementTime=2023-04-26,akshare_cninfo,
601838,成都银行,成都银行股份有限公司2023年度<em>社会</em><em>责任</em><em>报告</em>,2024-04-25,http://www.cninfo.com.cn/new/disclosure/detail?stockCode=601838&announcementId=1219797258&orgId=9900021318&announcementTime=2024-04-25,akshare_cninfo,
601838,成都银行,成都银行股份有限公司2024年度<em>社会</em><em>责任</em><em>报告</em>,2025-04-29,http://www.cninfo.com.cn/new/disclosure/detail?stockCode=601838&announcementId=1223384751&orgId=9900021318&announcementTime=2025-04-29,akshare_cninfo,
601838,成都银行,成都银行股份有限公司2025年度<em>社会</em><em>责任</em><em>报告</em>,2026-04-23,http://www.cninfo.com.cn/new/disclosure/detail?stockCode=601838&announcementId=1225154073&orgId=9900021318&announcementTime=2026-04-23,akshare_cninfo,
601963,重庆银行,2021年<em>社会</em><em>责任</em>（环境、<em>社会</em>、管治）<em>报告</em>,2022-04-01,http://www.cninfo.com.cn/new/disclosure/detail?stockCode=601963&announcementId=1212765374&orgId=9900006641&announcementTime=2022-04-01,akshare_cninfo,
601963,重庆银行,2022年<em>社会</em><em>责任</em>（环境、<em>社会</em>、管治）<em>报告</em>,2023-03-31,http://www.cninfo.com.cn/new/disclosure/detail?stockCode=601963&announcementId=1216273578&orgId=9900006641&announcementTime=2023-03-31,akshare_cninfo,
601963,重庆银行,2023年<em>社会</em><em>责任</em>（环境、<em>社会</em>、管治）<em>报告</em>,2024-03-28,http://www.cninfo.com.cn/new/disclosure/detail?stockCode=601963&announcementId=1219426937&orgId=9900006641&announcementTime=2024-03-28,akshare_cninfo,
601963,重庆银行,2024年<em>社会</em><em>责任</em>（环境、<em>社会</em>、管治）<em>报告</em>,2025-03-22,http://www.cninfo.com.cn/new/disclosure/detail?stockCode=601963&announcementId=1222868917&orgId=9900006641&announcementTime=2025-03-22,akshare_cninfo,
601665,齐鲁银行,齐鲁银行股份有限公司2021年度<em>社会</em><em>责任</em><em>报告</em>,2022-04-29,http://www.cninfo.com.cn/new/disclosure/detail?stockCode=601665&announcementId=1213216183&orgId=9900010908&announcementTime=2022-04-29,akshare_cninfo,
601665,齐鲁银行,齐鲁银行股份有限公司2022年度<em>社会</em><em>责任</em><em>报告</em>,2023-04-28,http://www.cninfo.com.cn/new/disclosure/detail?stockCode=601665&announcementId=1216664967&orgId=9900010908&announcementTime=2023-04-28,akshare_cninfo,
601665,齐鲁银行,齐鲁银行股份有限公司2023年度<em>社会</em><em>责任</em><em>报告</em>,2024-04-27,http://www.cninfo.com.cn/new/disclosure/detail?stockCode=601665&announcementId=1219878175&orgId=9900010908&announcementTime=2024-04-27,akshare_cninfo,
601665,齐鲁银行,齐鲁银行股份有限公司2024年度环境、社会及治理（<em>ESG</em>）<em>报告</em>,2025-04-26,http://www.cninfo.com.cn/new/disclosure/detail?stockCode=601665&announcementId=1223315100&orgId=9900010908&announcementTime=2025-04-26,akshare_cninfo,
601665,齐鲁银行,齐鲁银行股份有限公司2025年度环境、社会和公司治理（<em>ESG</em>）<em>报告</em>,2026-04-23,http://www.cninfo.com.cn/new/disclosure/detail?stockCode=601665&announcementId=1225153202&orgId=9900010908&announcementTime=2026-04-23,akshare_cninfo,
601577,长沙银行,长沙银行股份有限公司2021年度<em>社会</em><em>责任</em><em>报告</em>,2022-04-29,http://www.cninfo.com.cn/new/disclosure/detail?stockCode=601577&announcementId=1213225112&orgId=9900021960&announcementTime=2022-04-29,akshare_cninfo,
601577,长沙银行,长沙银行股份有限公司2022年度<em>社会</em><em>责任</em><em>报告</em>,2023-04-29,http://www.cninfo.com.cn/new/disclosure/detail?stockCode=601577&announcementId=1216709524&orgId=9900021960&announcementTime=2023-04-29,akshare_cninfo,
601577,长沙银行,长沙银行股份有限公司2023年度<em>社会</em><em>责任</em><em>报告</em>,2024-04-27,http://www.cninfo.com.cn/new/disclosure/detail?stockCode=601577&announcementId=1219878101&orgId=9900021960&announcementTime=2024-04-27,akshare_cninfo,
601577,长沙银行,长沙银行股份有限公司2025年度<em>可持续</em><em>发展</em>(ESG)<em>报告</em>,2026-04-29,http://www.cninfo.com.cn/new/disclosure/detail?stockCode=601577&announcementId=1225235704&orgId=9900021960&announcementTime=2026-04-29,akshare_cninfo,
002966,苏州银行,2021年<em>社会</em><em>责任</em><em>报告</em>,2022-03-29,http://www.cninfo.com.cn/new/disclosure/detail?stockCode=002966&announcementId=1212710659&orgId=9900027389&announcementTime=2022-03-29,akshare_cninfo,
002966,苏州银行,2022年<em>社会</em><em>责任</em><em>报告</em>,2023-04-25,http://www.cninfo.com.cn/new/disclosure/detail?stockCode=002966&announcementId=1216563025&orgId=9900027389&announcementTime=2023-04-25,akshare_cninfo,
002966,苏州银行,2023年<em>社会</em><em>责任</em><em>报告</em>,2024-04-27,http://www.cninfo.com.cn/new/disclosure/detail?stockCode=002966&announcementId=1219863836&orgId=9900027389&announcementTime=2024-04-27,akshare_cninfo,
002966,苏州银行,2024年度<em>可持续</em><em>发展</em><em>报告</em>,2025-04-29,http://www.cninfo.com.cn/new/disclosure/detail?stockCode=002966&announcementId=1223374205&orgId=9900027389&announcementTime=2025-04-29,akshare_cninfo,
002966,苏州银行,2025年度<em>可持续</em><em>发展</em><em>报告</em>,2026-04-29,http://www.cninfo.com.cn/new/disclosure/detail?stockCode=002966&announcementId=1225240292&orgId=9900027389&announcementTime=2026-04-29,akshare_cninfo,
002948,青岛银行,2021年<em>社会</em><em>责任</em><em>报告</em>,2022-03-26,http://www.cninfo.com.cn/new/disclosure/detail?stockCode=002948&announcementId=1212688376&orgId=9900025494&announcementTime=2022-03-26,akshare_cninfo,
002948,青岛银行,2022年<em>社会</em><em>责任</em><em>报告</em>,2023-04-01,http://www.cninfo.com.cn/new/disclosure/detail?stockCode=002948&announcementId=1216303439&orgId=9900025494&announcementTime=2023-04-01,akshare_cninfo,
002948,青岛银行,2023年<em>社会</em><em>责任</em><em>报告</em>,2024-03-29,http://www.cninfo.com.cn/new/disclosure/detail?stockCode=002948&announcementId=1219448240&orgId=9900025494&announcementTime=2024-03-29,akshare_cninfo,
002948,青岛银行,2024年<em>社会</em><em>责任</em><em>报告</em>,2025-03-27,http://www.cninfo.com.cn/new/disclosure/detail?stockCode=002948&announcementId=1222910646&orgId=9900025494&announcementTime=2025-03-27,akshare_cninfo,
002948,青岛银行,2025年度<em>可持续</em><em>发展</em><em>报告</em>,2026-03-27,http://www.cninfo.com.cn/new/disclosure/detail?stockCode=002948&announcementId=1225036797&orgId=9900025494&announcementTime=2026-03-27,akshare_cninfo,
601997,贵阳银行,贵阳银行股份有限公司2021年度<em>社会</em><em>责任</em><em>报告</em>,2022-04-29,http://www.cninfo.com.cn/new/disclosure/detail?stockCode=601997&announcementId=1213217274&orgId=9900022955&announcementTime=2022-04-29,akshare_cninfo,
601997,贵阳银行,贵阳银行股份有限公司2022年<em>社会</em><em>责任</em><em>报告</em>,2023-04-29,http://www.cninfo.com.cn/new/disclosure/detail?stockCode=601997&announcementId=1216707566&orgId=9900022955&announcementTime=2023-04-29,akshare_cninfo,
601997,贵阳银行,贵阳银行股份有限公司2023年度<em>社会</em><em>责任</em><em>报告</em>,2024-04-27,http://www.cninfo.com.cn/new/disclosure/detail?stockCode=601997&announcementId=1219878523&orgId=9900022955&announcementTime=2024-04-27,akshare_cninfo,
601997,贵阳银行,贵阳银行股份有限公司2024年度<em>社会</em><em>责任</em><em>报告</em>.,2025-04-29,http://www.cninfo.com.cn/new/disclosure/detail?stockCode=601997&announcementId=1223385084&orgId=9900022955&announcementTime=2025-04-29,akshare_cninfo,
601997,贵阳银行,贵阳银行股份有限公司2025年度<em>社会</em><em>责任</em><em>报告</em>,2026-04-23,http://www.cninfo.com.cn/new/disclosure/detail?stockCode=601997&announcementId=1225151048&orgId=9900022955&announcementTime=2026-04-23,akshare_cninfo,
601187,厦门银行,厦门银行股份有限公司2021年度<em>社会</em><em>责任</em><em>报告</em>,2022-03-30,http://www.cninfo.com.cn/new/disclosure/detail?stockCode=601187&announcementId=1212729810&orgId=9900012128&announcementTime=2022-03-30,akshare_cninfo,
601187,厦门银行,厦门银行股份有限公司2022年度<em>社会</em><em>责任</em><em>报告</em>,2023-04-28,http://www.cninfo.com.cn/new/disclosure/detail?stockCode=601187&announcementId=1216664721&orgId=9900012128&announcementTime=2023-04-28,akshare_cninfo,
601187,厦门银行,厦门银行股份有限公司2023年度<em>社会</em><em>责任</em><em>报告</em>,2024-04-30,http://www.cninfo.com.cn/new/disclosure/detail?stockCode=601187&announcementId=1219916780&orgId=9900012128&announcementTime=2024-04-30,akshare_cninfo,
601187,厦门银行,厦门银行股份有限公司2024年度<em>可持续</em><em>发展</em>（ESG）<em>报告</em>,2025-04-29,http://www.cninfo.com.cn/new/disclosure/detail?stockCode=601187&announcementId=1223384649&orgId=9900012128&announcementTime=2025-04-29,akshare_cninfo,
600928,西安银行,西安银行股份有限公司2021年度西安银行<em>社会</em><em>责任</em><em>报告</em>,2022-04-29,http://www.cninfo.com.cn/new/disclosure/detail?stockCode=600928&announcementId=1213224935&orgId=9900027168&announcementTime=2022-04-29,akshare_cninfo,
600928,西安银行,西安银行股份有限公司2022年度<em>社会</em><em>责任</em><em>报告</em>,2023-04-28,http://www.cninfo.com.cn/new/disclosure/detail?stockCode=600928&announcementId=1216664125&orgId=9900027168&announcementTime=2023-04-28,akshare_cninfo,
600928,西安银行,西安银行股份有限公司2023年度<em>社会</em><em>责任</em><em>报告</em>,2024-04-30,http://www.cninfo.com.cn/new/disclosure/detail?stockCode=600928&announcementId=1219916502&orgId=9900027168&announcementTime=2024-04-30,akshare_cninfo,
600928,西安银行,西安银行股份有限公司2024年<em>社会</em><em>责任</em>(ESG)<em>报告</em>,2025-04-30,http://www.cninfo.com.cn/new/disclosure/detail?stockCode=600928&announcementId=1223421244&orgId=9900027168&announcementTime=2025-04-30,akshare_cninfo,
600928,西安银行,西安银行股份有限公司2025年度环境、<em>社会</em>及治理暨<em>社会</em><em>责任</em><em>报告</em>,2026-04-23,http://www.cninfo.com.cn/new/disclosure/detail?stockCode=600928&announcementId=1225151615&orgId=9900027168&announcementTime=2026-04-23,akshare_cninfo,
002936,郑州银行,2021年<em>社会</em><em>责任</em><em>报告</em>,2022-03-31,http://www.cninfo.com.cn/new/disclosure/detail?stockCode=002936&announcementId=1212750891&orgId=9900011028&announcementTime=2022-03-31,akshare_cninfo,
002936,郑州银行,2022年<em>社会</em><em>责任</em><em>报告</em>,2023-03-31,http://www.cninfo.com.cn/new/disclosure/detail?stockCode=002936&announcementId=1216278357&orgId=9900011028&announcementTime=2023-03-31,akshare_cninfo,
002936,郑州银行,2023年<em>社会</em><em>责任</em><em>报告</em>,2024-03-29,http://www.cninfo.com.cn/new/disclosure/detail?stockCode=002936&announcementId=1219447779&orgId=9900011028&announcementTime=2024-03-29,akshare_cninfo,
002936,郑州银行,2024年<em>社会</em><em>责任</em><em>报告</em>,2025-03-28,http://www.cninfo.com.cn/new/disclosure/detail?stockCode=002936&announcementId=1222927737&orgId=9900011028&announcementTime=2025-03-28,akshare_cninfo,
002936,郑州银行,郑州银行股份有限公司2025年度<em>可持续</em><em>发展</em>（ESG）<em>报告</em>,2026-03-31,http://www.cninfo.com.cn/new/disclosure/detail?stockCode=002936&announcementId=1225059575&orgId=9900011028&announcementTime=2026-03-31,akshare_cninfo,
001227,兰州银行,2021年<em>社会</em><em>责任</em><em>报告</em>,2022-04-28,http://www.cninfo.com.cn/new/disclosure/detail?stockCode=001227&announcementId=1213176178&orgId=9900021964&announcementTime=2022-04-28,akshare_cninfo,
001227,兰州银行,2022年<em>社会</em><em>责任</em><em>报告</em>,2023-04-29,http://www.cninfo.com.cn/new/disclosure/detail?stockCode=001227&announcementId=1216689014&orgId=9900021964&announcementTime=2023-04-29,akshare_cninfo,
001227,兰州银行,2023年<em>社会</em><em>责任</em><em>报告</em>,2024-04-27,http://www.cninfo.com.cn/new/disclosure/detail?stockCode=001227&announcementId=1219866155&orgId=9900021964&announcementTime=2024-04-27,akshare_cninfo,
001227,兰州银行,兰州银行股份有限公司2025年度<em>可持续</em><em>发展</em><em>报告</em>,2026-04-28,http://www.cninfo.com.cn/new/disclosure/detail?stockCode=001227&announcementId=1225219135&orgId=9900021964&announcementTime=2026-04-28,akshare_cninfo,
601825,沪农商行,上海农商银行2021年<em>社会</em><em>责任</em><em>报告</em>,2022-04-30,http://www.cninfo.com.cn/new/disclosure/detail?stockCode=601825&announcementId=1213270996&orgId=9900010687&announcementTime=2022-04-30,akshare_cninfo,
601825,沪农商行,上海农村商业银行股份有限公司2022年度<em>社会</em><em>责任</em>暨环境、<em>社会</em>及治理(ESG)<em>报告</em>,2023-04-28,http://www.cninfo.com.cn/new/disclosure/detail?stockCode=601825&announcementId=1216653502&orgId=9900010687&announcementTime=2023-04-28,akshare_cninfo,
601825,沪农商行,上海农村商业银行股份有限公司2023年度<em>社会</em><em>责任</em>暨环境、<em>社会</em>及治理(ESG)<em>报告</em>,2024-04-26,http://www.cninfo.com.cn/new/disclosure/detail?stockCode=601825&announcementId=1219834221&orgId=9900010687&announcementTime=2024-04-26,akshare_cninfo,
601825,沪农商行,上海农村商业银行股份有限公司2024年度<em>社会</em><em>责任</em>暨环境、<em>社会</em>及治理(ESG)<em>报告</em>,2025-04-25,http://www.cninfo.com.cn/new/disclosure/detail?stockCode=601825&announcementId=1223285575&orgId=9900010687&announcementTime=2025-04-25,akshare_cninfo,
601077,渝农商行,重庆农村商业银行股份有限公司2021年度企业<em>社会</em><em>责任</em><em>报告</em>,2022-03-31,http://www.cninfo.com.cn/new/disclosure/detail?stockCode=601077&announcementId=1212749302&orgId=9900016867&announcementTime=2022-03-31,akshare_cninfo,
601077,渝农商行,重庆农村商业银行股份有限公司2022年度企业<em>社会</em><em>责任</em><em>报告</em>,2023-03-31,http://www.cninfo.com.cn/new/disclosure/detail?stockCode=601077&announcementId=1216275742&orgId=9900016867&announcementTime=2023-03-31,akshare_cninfo,
601077,渝农商行,重庆农村商业银行股份有限公司2023年度企业<em>社会</em><em>责任</em>暨ESG<em>报告</em>,2024-03-29,http://www.cninfo.com.cn/new/disclosure/detail?stockCode=601077&announcementId=1219448302&orgId=9900016867&announcementTime=2024-03-29,akshare_cninfo,
601077,渝农商行,重庆农村商业银行股份有限公司2024年度企业<em>社会</em><em>责任</em>暨ESG<em>报告</em>,2025-03-26,http://www.cninfo.com.cn/new/disclosure/detail?stockCode=601077&announcementId=1222896101&orgId=9900016867&announcementTime=2025-03-26,akshare_cninfo,
601077,渝农商行,重庆农村商业银行股份有限公司2025年度<em>可持续</em><em>发展</em><em>报告</em>,2026-03-26,http://www.cninfo.com.cn/new/disclosure/detail?stockCode=601077&announcementId=1225032225&orgId=9900016867&announcementTime=2026-03-26,akshare_cninfo,
601128,常熟银行,江苏常熟农村商业银行股份有限公司2021年度<em>社会</em><em>责任</em>（ESG）<em>报告</em>（英文版）,2022-03-31,http://www.cninfo.com.cn/new/disclosure/detail?stockCode=601128&announcementId=1212740956&orgId=9900023084&announcementTime=2022-03-31,akshare_cninfo,
601128,常熟银行,江苏常熟农村商业银行股份有限公司2022年<em>社会</em><em>责任</em>（ESG）<em>报告</em>,2023-03-24,http://www.cninfo.com.cn/new/disclosure/detail?stockCode=601128&announcementId=1216200170&orgId=9900023084&announcementTime=2023-03-24,akshare_cninfo,
601128,常熟银行,江苏常熟农村商业银行股份有限公司2023年度<em>社会</em><em>责任</em>（ESG）<em>报告</em>（英文版）,2024-03-22,http://www.cninfo.com.cn/new/disclosure/detail?stockCode=601128&announcementId=1219375028&orgId=9900023084&announcementTime=2024-03-22,akshare_cninfo,
601128,常熟银行,江苏常熟农村商业银行股份有限公司2024年度<em>可持续</em><em>发展</em>（ESG）<em>报告</em>（英文版）,2025-03-28,http://www.cninfo.com.cn/new/disclosure/detail?stockCode=601128&announcementId=1222926504&orgId=9900023084&announcementTime=2025-03-28,akshare_cninfo,
601128,常熟银行,江苏常熟农村商业银行股份有限公司2025年度<em>可持续</em><em>发展</em>（ESG）<em>报告</em>,2026-04-24,http://www.cninfo.com.cn/new/disclosure/detail?stockCode=601128&announcementId=1225168991&orgId=9900023084&announcementTime=2026-04-24,akshare_cninfo,
002958,青农商行,2021年度<em>社会</em><em>责任</em><em>报告</em>,2022-04-29,http://www.cninfo.com.cn/new/disclosure/detail?stockCode=002958&announcementId=1213207165&orgId=9900031174&announcementTime=2022-04-29,akshare_cninfo,
002958,青农商行,2022年<em>社会</em><em>责任</em><em>报告</em>,2023-04-29,http://www.cninfo.com.cn/new/disclosure/detail?stockCode=002958&announcementId=1216700620&orgId=9900031174&announcementTime=2023-04-29,akshare_cninfo,
002958,青农商行,2023年<em>社会</em><em>责任</em><em>报告</em>,2024-04-27,http://www.cninfo.com.cn/new/disclosure/detail?stockCode=002958&announcementId=1219861227&orgId=9900031174&announcementTime=2024-04-27,akshare_cninfo,
002958,青农商行,2024年<em>社会</em><em>责任</em><em>报告</em>,2025-04-25,http://www.cninfo.com.cn/new/disclosure/detail?stockCode=002958&announcementId=1223278998&orgId=9900031174&announcementTime=2025-04-25,akshare_cninfo,
002958,青农商行,2025年度<em>可持续</em><em>发展</em>（ESG）<em>报告</em>,2026-04-29,http://www.cninfo.com.cn/new/disclosure/detail?stockCode=002958&announcementId=1225245653&orgId=9900031174&announcementTime=2026-04-29,akshare_cninfo,
600908,无锡银行,2021年度<em>社会</em><em>责任</em><em>报告</em>,2022-04-29,http://www.cninfo.com.cn/new/disclosure/detail?stockCode=600908&announcementId=1213205947&orgId=9900024953&announcementTime=2022-04-29,akshare_cninfo,
600908,无锡银行,2022年度<em>社会</em><em>责任</em><em>报告</em>,2023-03-30,http://www.cninfo.com.cn/new/disclosure/detail?stockCode=600908&announcementId=1216255129&orgId=9900024953&announcementTime=2023-03-30,akshare_cninfo,
600908,无锡银行,2023年度<em>社会</em><em>责任</em><em>报告</em>,2024-03-30,http://www.cninfo.com.cn/new/disclosure/detail?stockCode=600908&announcementId=1219461792&orgId=9900024953&announcementTime=2024-03-30,akshare_cninfo,
600908,无锡银行,2024年度<em>社会</em><em>责任</em><em>报告</em>,2025-03-29,http://www.cninfo.com.cn/new/disclosure/detail?stockCode=600908&announcementId=1222945254&orgId=9900024953&announcementTime=2025-03-29,akshare_cninfo,
600908,无锡银行,2025年度<em>社会</em><em>责任</em><em>报告</em>,2026-03-28,http://www.cninfo.com.cn/new/disclosure/detail?stockCode=600908&announcementId=1225048035&orgId=9900024953&announcementTime=2026-03-28,akshare_cninfo,
002807,江阴银行,2021年<em>社会</em><em>责任</em><em>报告</em>,2022-03-30,http://www.cninfo.com.cn/new/disclosure/detail?stockCode=002807&announcementId=1212725606&orgId=9900022947&announcementTime=2022-03-30,akshare_cninfo,
002807,江阴银行,2022年<em>社会</em><em>责任</em><em>报告</em>,2023-03-28,http://www.cninfo.com.cn/new/disclosure/detail?stockCode=002807&announcementId=1216234647&orgId=9900022947&announcementTime=2023-03-28,akshare_cninfo,
002807,江阴银行,2024年<em>社会</em><em>责任</em><em>报告</em>,2025-03-29,http://www.cninfo.com.cn/new/disclosure/detail?stockCode=002807&announcementId=1222944077&orgId=9900022947&announcementTime=2025-03-29,akshare_cninfo,
002807,江阴银行,2023年度<em>ESG</em><em>报告</em>,2024-03-30,http://www.cninfo.com.cn/new/disclosure/detail?stockCode=002807&announcementId=1219469611&orgId=9900022947&announcementTime=2024-03-30,akshare_cninfo,
002807,江阴银行,2025年<em>ESG</em><em>报告</em>,2026-04-29,http://www.cninfo.com.cn/new/disclosure/detail?stockCode=002807&announcementId=1225234343&orgId=9900022947&announcementTime=2026-04-29,akshare_cninfo,
002839,张家港行,2021年<em>社会</em><em>责任</em><em>报告</em>,2022-03-29,http://www.cninfo.com.cn/new/disclosure/detail?stockCode=002839&announcementId=1212708642&orgId=9900022943&announcementTime=2022-03-29,akshare_cninfo,
002839,张家港行,2022年<em>社会</em><em>责任</em><em>报告</em>,2023-03-28,http://www.cninfo.com.cn/new/disclosure/detail?stockCode=002839&announcementId=1216235254&orgId=9900022943&announcementTime=2023-03-28,akshare_cninfo,
002839,张家港行,江苏张家港农村商业银行股份有限公司2023年度<em>可持续</em><em>发展</em><em>报告</em>,2024-04-30,http://www.cninfo.com.cn/new/disclosure/detail?stockCode=002839&announcementId=1219911283&orgId=9900022943&announcementTime=2024-04-30,akshare_cninfo,
002839,张家港行,2024年度张家港行<em>可持续</em><em>发展</em><em>报告</em>,2025-03-29,http://www.cninfo.com.cn/new/disclosure/detail?stockCode=002839&announcementId=1222945525&orgId=9900022943&announcementTime=2025-03-29,akshare_cninfo,
002839,张家港行,2025年度<em>可持续</em><em>发展</em><em>报告</em>,2026-03-31,http://www.cninfo.com.cn/new/disclosure/detail?stockCode=002839&announcementId=1225053467&orgId=9900022943&announcementTime=2026-03-31,akshare_cninfo,
603323,苏农银行,苏农银行2021年度<em>社会</em><em>责任</em>（ESG）<em>报告</em>,2022-04-28,http://www.cninfo.com.cn/new/disclosure/detail?stockCode=603323&announcementId=1213171178&orgId=9900022945&announcementTime=2022-04-28,akshare_cninfo,
603323,苏农银行,苏农银行2022年度<em>社会</em><em>责任</em>（ESG）<em>报告</em>,2023-04-28,http://www.cninfo.com.cn/new/disclosure/detail?stockCode=603323&announcementId=1216666428&orgId=9900022945&announcementTime=2023-04-28,akshare_cninfo,
603323,苏农银行,苏农银行2023年度<em>社会</em><em>责任</em>（ESG）<em>报告</em>,2024-04-27,http://www.cninfo.com.cn/new/disclosure/detail?stockCode=603323&announcementId=1219879841&orgId=9900022945&announcementTime=2024-04-27,akshare_cninfo,
603323,苏农银行,苏农银行2024年度<em>可持续</em><em>发展</em><em>报告</em>,2025-04-30,http://www.cninfo.com.cn/new/disclosure/detail?stockCode=603323&announcementId=1223422528&orgId=9900022945&announcementTime=2025-04-30,akshare_cninfo,
603323,苏农银行,苏农银行2025年度<em>可持续</em><em>发展</em><em>报告</em>,2026-04-30,http://www.cninfo.com.cn/new/disclosure/detail?stockCode=603323&announcementId=1225266561&orgId=9900022945&announcementTime=2026-04-30,akshare_cninfo,
601528,瑞丰银行,瑞丰银行2021年度<em>社会</em><em>责任</em><em>报告</em>,2022-03-31,http://www.cninfo.com.cn/new/disclosure/detail?stockCode=601528&announcementId=1212753520&orgId=9900032315&announcementTime=2022-03-31,akshare_cninfo,
601528,瑞丰银行,浙江绍兴瑞丰农村商业银行股份有限公司2022年度环境、社会及管治（<em>ESG</em>）<em>报告</em>,2023-03-29,http://www.cninfo.com.cn/new/disclosure/detail?stockCode=601528&announcementId=1216242333&orgId=9900032315&announcementTime=2023-03-29,akshare_cninfo,
601528,瑞丰银行,浙江绍兴瑞丰农村商业银行股份有限公司2023年度环境、社会及管治（<em>ESG</em>）<em>报告</em>,2024-03-28,http://www.cninfo.com.cn/new/disclosure/detail?stockCode=601528&announcementId=1219426931&orgId=9900032315&announcementTime=2024-03-28,akshare_cninfo,
601528,瑞丰银行,浙江绍兴瑞丰农村商业银行股份有限公司2024年度环境、社会及管治（<em>ESG</em>）<em>报告</em>,2025-03-28,http://www.cninfo.com.cn/new/disclosure/detail?stockCode=601528&announcementId=1222926516&orgId=9900032315&announcementTime=2025-03-28,akshare_cninfo,
601528,瑞丰银行,浙江绍兴瑞丰农村商业银行股份有限公司2025年度<em>可持续</em><em>发展</em>（ESG）<em>报告</em>,2026-03-27,http://www.cninfo.com.cn/new/disclosure/detail?stockCode=601528&announcementId=1225036741&orgId=9900032315&announcementTime=2026-03-27,akshare_cninfo,
601860,紫金银行,紫金农商银行2022年<em>ESG</em><em>报告</em>,2023-04-29,http://www.cninfo.com.cn/new/disclosure/detail?stockCode=601860&announcementId=1216707444&orgId=9900031760&announcementTime=2023-04-29,akshare_cninfo,
601860,紫金银行,紫金农商银行2023年<em>ESG</em><em>报告</em>,2024-04-26,http://www.cninfo.com.cn/new/disclosure/detail?stockCode=601860&announcementId=1219834248&orgId=9900031760&announcementTime=2024-04-26,akshare_cninfo,
601860,紫金银行,2024年度<em>可持续</em><em>发展</em>（ESG）<em>报告</em>,2025-04-25,http://www.cninfo.com.cn/new/disclosure/detail?stockCode=601860&announcementId=1223278031&orgId=9900031760&announcementTime=2025-04-25,akshare_cninfo,
601860,紫金银行,2025年度<em>可持续</em><em>发展</em>（ESG）<em>报告</em>,2026-04-24,http://www.cninfo.com.cn/new/disclosure/detail?stockCode=601860&announcementId=1225169548&orgId=9900031760&announcementTime=2026-04-24,akshare_cninfo,
001227,兰州银行,兰州银行<em>2024年</em><em>环境</em>、<em>社会</em><em>及</em><em>治理</em><em>报告</em>,2025-04-28,http://www.cninfo.com.cn/new/disclosure/detail?stockCode=001227&announcementId=1223317301&orgId=9900021964&announcementTime=2025-04-28,akshare_cninfo,
601577,长沙银行,长沙银行股份有限公司<em>可持续</em><em>发展</em>（<em>ESG</em>）<em>报告</em>,2025-04-26,http://www.cninfo.com.cn/new/disclosure/detail?stockCode=601577&announcementId=1223314435&orgId=9900021960&announcementTime=2025-04-26,akshare_cninfo,
601860,紫金银行,江苏紫金农村商业银行股份有限公司<em>环境</em>、<em>社会</em><em>与</em><em>管治</em>（<em>ESG</em>）<em>报告</em>,2022-04-30,http://www.cninfo.com.cn/new/disclosure/detail?stockCode=601860&announcementId=1213271026&orgId=9900031760&announcementTime=2022-04-30,akshare_cninfo,
601009,南京银行,南京银行股份有限公司2021年环境、社会及治理报告,2022-04-29,http://www.cninfo.com.cn/new/disclosure/detail?stockCode=601009&announcementId=1212795741&orgId=9900003284&announcementTime=2022-04-29,巨潮资讯网,
601009,南京银行,南京银行股份有限公司2022年环境、社会及治理报告,2023-04-29,http://www.cninfo.com.cn/new/disclosure/detail?stockCode=601009&announcementId=1216706740&orgId=9900003284&announcementTime=2023-04-29,巨潮资讯网,
601009,南京银行,南京银行股份有限公司2023年环境、社会及治理报告,2024-04-27,http://www.cninfo.com.cn/new/disclosure/detail?stockCode=601009&announcementId=1219877711&orgId=9900003284&announcementTime=2024-04-27,巨潮资讯网,
601009,南京银行,南京银行股份有限公司2024年绿色金融专题报告,2025-04-22,http://www.cninfo.com.cn/new/disclosure/detail?stockCode=601009&announcementId=1223197842&orgId=9900003284&announcementTime=2025-04-22,巨潮资讯网,
601009,南京银行,南京银行股份有限公司2025年度绿色金融专题报告,2026-04-23,http://www.cninfo.com.cn/new/disclosure/detail?stockCode=601009&announcementId=1225157420&orgId=9900003284&announcementTime=2026-04-23,巨潮资讯网,
601229,上海银行,上海银行2025年度可持续发展报告,2026-04-24,http://www.cninfo.com.cn/new/disclosure/detail?stockCode=601229&announcementId=1225173733&orgId=9900003284&announcementTime=2026-04-24,巨潮资讯网,
600036,招商银行,招商银行股份有限公司2025年度可持续发展报告,2026-03-28,http://www.cninfo.com.cn/new/disclosure/detail?stockCode=600036&announcementId=1225046968&orgId=9900003284&announcementTime=2026-03-28,巨潮资讯网,
600000,浦发银行,上海浦东发展银行股份有限公司2025年度可持续发展报告,2026-03-31,http://www.cninfo.com.cn/new/disclosure/detail?stockCode=600000&announcementId=1225062320&orgId=9900003284&announcementTime=2026-03-31,巨潮资讯网,
600919,江苏银行,江苏银行2025年度可持续发展(ESG)报告,2026-04-29,http://www.cninfo.com.cn/new/disclosure/detail?stockCode=600919&announcementId=1225247488&orgId=9900003284&announcementTime=2026-04-29,巨潮资讯网,
601939,建设银行,建设银行2025年度可持续发展报告,2026-03-28,http://www.cninfo.com.cn/new/disclosure/detail?stockCode=601939&announcementId=1225046555&orgId=9900003284&announcementTime=2026-03-28,巨潮资讯网,
601187,厦门银行,厦门银行股份有限公司2025年度可持续发展（ESG）报告,2026-04-30,http://www.cninfo.com.cn/new/disclosure/detail?stockCode=601187&announcementId=1225266418&orgId=9900003284&announcementTime=2026-04-30,巨潮资讯网,
601825,沪农商行,上海农村商业银行股份有限公司2025年度可持续发展报告,2026-04-23,http://www.cninfo.com.cn/new/disclosure/detail?stockCode=601825&announcementId=1225150601&orgId=9900003284&announcementTime=2026-04-23,巨潮资讯网,
601963,重庆银行,2025年度可持续发展报告,2026-04-28,http://www.cninfo.com.cn/new/disclosure/detail?stockCode=601963&announcementId=1225252846&orgId=9900003284&announcementTime=2026-04-28,巨潮资讯网,
601998,中信银行,中信银行股份有限公司2025年度可持续发展报告,2026-03-21,http://www.cninfo.com.cn/new/disclosure/detail?stockCode=601998&announcementId=1225022295&orgId=9900003284&announcementTime=2026-03-21,巨潮资讯网,
