doc_id,issue_name,section_title,start_page,end_page,confidence,quality_issue
2021-1212533363,风险管理,4  强化风险管理 .......................................................................................................................... 16,1,7,80,ok
2021-1212533363,公司治理,公司治理 .......................................................................................................................................... 11,1,7,80,ok
2021-1212533363,绿色金融,1  绿色金融 .................................................................................................................................. 47,2,8,80,ok
2021-1212533363,消费者权益保护,2.1 消费者权益保护,9,15,80,ok
2021-1212533363,普惠金融,普惠金融 ........................................................................................................................................... 37,1,7,80,ok
2021-1212533363,乡村振兴,助力乡村振兴................................................................................................................................... 42,2,8,80,ok
2022-1216072949,风险管理,金融机构将环境、社会、治理（ESG）风险纳入全面风险管理体系并进行全流程管理的路径,16,22,90,ok
2022-1216072949,公司治理,董事会是本行环境、社会与管治（ESG）事务最高决策及负责机构，本行董事会高度关注,4,10,90,ok
2022-1216072949,绿色金融,业首支绿色金融、可持续发展双主题的债券指数“中债——平安理财 ESG 优选绿色债券指,16,22,90,ok
2022-1216072949,消费者权益保护,第二季度银行业消费投诉情况通报，推动加强消费者权益保护能力建设。,5,11,90,ok
2022-1216072949,普惠金融,践行普惠金融 ................................................................................................................................ 31,2,8,90,ok
2022-1216072949,乡村振兴,强化乡村振兴组织领导,9,15,90,ok
2023-1219306480,风险管理,夯实绿色金融风险管理工作的硬件基础。此外，本行研究开发 ESG 风险评估分类认定系,20,26,81,ok
2023-1219306480,公司治理,大湾区上市公司公司治理 Top20,3,9,81,ok
2023-1219306480,绿色金融,和 ESG 风险管理，参与绿色金融合作，以创新驱动绿色低碳经济高质量发展，以实际行,16,22,81,ok
2023-1219306480,消费者权益保护,险、薪酬绩效、消费者权益保护工作等 ESG 议题的战略及目标进行审议、监督并展开,3,9,81,ok
2023-1219306480,普惠金融,经济委员会、普惠金融管理委员会，并带领总行各部门和各分支机构落实 ESG 重点目,4,10,81,ok
2023-1219306480,乡村振兴,"""“行 E 通”互联网平台累计服务中小银行 1",283 家，其中农村金融机构 1,"136 家。""",81,ok
2024-1222806510,风险管理,本行董事会听取公司整体 ESG 战略规划并审议 ESG 定期报告，获知 ESG 风险管理、,4,10,77,ok
2024-1222806510,公司治理,本行董事会全面监督 ESG 事宜，对本行的 ESG 策略及信息披露承担全部责任。董,4,10,77,ok
2024-1222806510,绿色金融,践行绿色金融，赋能低碳转型。我们秉持绿色发展理念，将 ESG 风险管理嵌入授,3,9,77,ok
2024-1222806510,消费者权益保护,求融入经营发展战略、企业文化建设以及 ESG 管理，建立健全消费者权益保护机制，,10,16,77,ok
2024-1222806510,普惠金融,作，提升中小微企业的服务能力；同时，通过“票付通”为 B2B 平台提供安全的票据,8,14,77,ok
2024-1222806510,乡村振兴,"""84 亿元，累计投放 1","522.47 亿元；乡村振兴借记卡发卡 6.31 万张，累计发卡 25.64""",10,77,ok
2025-1225022899,风险管理,在风险端，将信贷客户 ESG 风险纳入全面风险管理，形成 ESG 风险监测预警和限额,20,26,76,ok
2025-1225022899,公司治理,2 稳健公司治理 ................................................16,1,7,76,ok
2025-1225022899,绿色金融,不断完善绿色金融及 ESG 风险管理制度体系。2025 年，本行制定了《2025 年风险,19,25,76,ok
2025-1225022899,消费者权益保护,各执行单位实施 ESG 工作，制定并执行消费者权益保护、科技伦理、,2,8,76,ok
2025-1225022899,普惠金融,4 践行普惠金融 ................................................31,1,7,76,ok
2025-1225022899,乡村振兴,5 助力乡村振兴 ................................................34,1,7,76,ok
2021-1213176178,风险管理,包含'风险管理'的章节,3,9,80,ok
2021-1213176178,公司治理,包含'治理结构'的章节,3,9,80,ok
2021-1213176178,绿色金融,深度参与绿色金融改革创新试验,7,13,80,ok
2021-1213176178,普惠金融,包含'个体工商户'的章节,1,7,80,ok
2021-1213176178,乡村振兴,包含'乡村振兴'的章节,6,12,80,ok
2022-1216689014,风险管理,包含'全面风险管理'的章节,3,9,86,ok
2022-1216689014,公司治理,包含'公司治理'的章节,3,9,86,ok
2022-1216689014,绿色金融,35亿元，增幅达93.34%。同时注重加强绿色金融产品,1,7,86,ok
2022-1216689014,消费者权益保护,包含'客户满意度'的章节,10,16,86,ok
2022-1216689014,普惠金融,包含'个体工商户'的章节,1,7,86,ok
2022-1216689014,乡村振兴,包含'乡村振兴'的章节,4,10,86,ok
2023-1219866155,风险管理,包含'风险管理体系'的章节,13,19,91,ok
2023-1219866155,公司治理,您认为本报告的定量信息披露是否客观、真实、有效？,17,23,91,ok
2023-1219866155,绿色金融,您认为本报告是否全面反映了兰州银行在 ESG 方面的表现？,17,23,91,ok
2023-1219866155,消费者权益保护,包含'消费者权益'的章节,2,8,91,ok
2023-1219866155,普惠金融,包含'个体工商户'的章节,6,12,91,ok
2023-1219866155,乡村振兴,包含'乡村振兴'的章节,1,7,91,ok
2024-1223317301,风险管理,完善风险管理，护航稳健经营,13,19,94,ok
2024-1223317301,公司治理,规范公司治理,2,8,94,ok
2024-1223317301,绿色金融,聚焦重点领域，精耕绿色金融,2,8,94,ok
2024-1223317301,消费者权益保护,客户隐私与信息安全,2,8,94,ok
2024-1223317301,普惠金融,深耕普惠金融，助力共同富裕,4,10,94,ok
2024-1223317301,乡村振兴,乡村振兴,2,8,94,ok
2025-1225219135,风险管理,包含'风险管理体系'的章节,4,10,87,ok
2025-1225219135,公司治理,您认为我们在公司治理方面做得如何？,19,25,87,ok
2025-1225219135,绿色金融,22 亿元，同比增长 24.01%，在全行信贷余额占比达 6.82%。在 《 绿色金融支持项目目录（2025,7,13,87,ok
2025-1225219135,消费者权益保护,包含'消费者权益'的章节,1,7,87,ok
2025-1225219135,普惠金融,包含'个体工商户'的章节,11,17,87,ok
2025-1225219135,乡村振兴,包含'农业产业化'的章节,8,14,87,ok
2021-1212837562,风险管理,全面风险管理,2,8,81,ok
2021-1212837562,公司治理,公司治理情况,2,8,81,ok
2021-1212837562,绿色金融,推行绿色信贷，支持低碳经济，大力发展电子银行。,11,17,81,ok
2021-1212837562,消费者权益保护,丰富产品，提升服务，提升客户满意度。,11,17,81,ok
2021-1212837562,普惠金融,扶持小微企业,4,10,81,ok
2021-1212837562,乡村振兴,服务乡村振兴，热心公益，共享发展成果。,11,17,81,ok
2022-1216331264,风险管理,包含'风险管理体系'的章节,4,10,92,ok
2022-1216331264,公司治理,优化公司治理机制,3,9,92,ok
2022-1216331264,绿色金融,发展绿色金融 .................................... 51,1,7,92,ok
2022-1216331264,消费者权益保护,丰富产品，提升服务，提升客户满意度。,12,18,92,ok
2022-1216331264,普惠金融,扶贫助困,5,11,92,ok
2022-1216331264,乡村振兴,服务乡村振兴，热心公益，共享发展成果。,12,18,92,ok
2023-1219551828,风险管理,包含'市场风险'的章节,119,125,89,ok
2023-1219551828,公司治理,包含'合规'的章节,63,69,89,ok
2023-1219551828,绿色金融,包含'社会责任'的章节,63,69,89,ok
2023-1219551828,消费者权益保护,包含'消费者权益'的章节,118,124,89,ok
2024-1223045161,风险管理,包含'风险管理体系'的章节,5,11,88,ok
2024-1223045161,公司治理,包含'公司治理结构'的章节,3,9,88,ok
2024-1223045161,绿色金融,包含'环境信息披露'的章节,1,7,88,ok
2024-1223045161,消费者权益保护,包含'消费者权益'的章节,2,8,88,ok
2024-1223045161,普惠金融,包含'普惠金融'的章节,1,7,88,ok
2024-1223045161,乡村振兴,包含'乡村振兴'的章节,2,8,88,ok
2025-1225189445,风险管理,包含'风险管理体系'的章节,4,10,79,ok
2025-1225189445,公司治理,包含'投资者关系'的章节,6,12,79,ok
2025-1225189445,绿色金融,包含'环境信息披露'的章节,1,7,79,ok
2025-1225189445,消费者权益保护,包含'消费者权益'的章节,2,8,79,ok
2025-1225189445,普惠金融,包含'个体工商户'的章节,12,18,79,ok
2025-1225189445,乡村振兴,包含'乡村振兴'的章节,3,9,79,ok
2021-1212725606,风险管理,包含'风险管理'的章节,1,7,87,ok
2021-1212725606,公司治理,2 完善公司治理,2,8,87,ok
2021-1212725606,绿色金融,1 发展绿色金融,6,12,87,ok
2021-1212725606,消费者权益保护,2 保护客户信息安全,5,11,87,ok
2021-1212725606,普惠金融,2 践行普惠金融,4,10,87,ok
2021-1212725606,乡村振兴,3 支持乡村振兴,4,10,87,ok
2022-1216234647,风险管理,包含'风险管理'的章节,1,7,85,ok
2022-1216234647,公司治理,2完善公司治理,2,8,85,ok
2022-1216234647,绿色金融,1发展绿色金融,5,11,85,ok
2022-1216234647,消费者权益保护,2保护信息安全,4,10,85,ok
2022-1216234647,普惠金融,2夯实普惠金融,3,9,85,ok
2022-1216234647,乡村振兴,3促进乡村振兴,1,7,85,ok
2023-1219469611,风险管理,3.1.1  风险管控体系,4,10,92,ok
2023-1219469611,公司治理,2.1  公司治理体系,3,9,92,ok
2023-1219469611,绿色金融,1.1  绿色金融工作体系,9,15,92,ok
2023-1219469611,消费者权益保护,2.3  消费者权益保护,9,15,92,ok
2023-1219469611,普惠金融,1.2.2  普惠金融业务发展,7,13,92,ok
2023-1219469611,乡村振兴,包含'乡村振兴'的章节,3,9,92,ok
2024-1222944077,风险管理,包含'风险管理体系'的章节,5,11,85,ok
2024-1222944077,公司治理,提升公司治理水平,3,9,85,ok
2024-1222944077,绿色金融,发展绿色金融,3,9,85,ok
2024-1222944077,消费者权益保护,建立多个数据安全相关管理,4,10,85,ok
2024-1222944077,普惠金融,发展普惠金融,3,9,85,ok
2024-1222944077,乡村振兴,助力乡村振兴,3,9,85,ok
2025-1225234343,风险管理,包含'风险管理体系'的章节,4,10,82,ok
2025-1225234343,公司治理,包含'公司治理结构'的章节,8,14,82,ok
2025-1225234343,绿色金融,包含'环境信息披露'的章节,6,12,82,ok
2025-1225234343,消费者权益保护,包含'消费者权益'的章节,1,7,82,ok
2025-1225234343,普惠金融,包含'个体工商户'的章节,8,14,82,ok
2025-1225234343,乡村振兴,包含'乡村振兴'的章节,1,7,82,ok
2021-1212708642,风险管理,完善全面风险管理体系建设,3,9,94,ok
2021-1212708642,公司治理,完善公司治理,1,7,94,ok
2021-1212708642,绿色金融,发展绿色金融,1,7,94,ok
2021-1212708642,消费者权益保护,保护消费者权益,1,7,94,ok
2021-1212708642,普惠金融,提高普惠金融覆盖面,7,13,94,ok
2021-1212708642,乡村振兴,96 亿元，持续推动了乡村振兴工作。,6,12,94,ok
2022-1216235254,风险管理,细化声誉风险管理,4,10,82,ok
2022-1216235254,公司治理,完善公司治理,1,7,82,ok
2022-1216235254,绿色金融,52%；绿色信贷客户数165户，较年初增加80户，增幅达106.25%。本行在2022年制,10,16,82,ok
2022-1216235254,消费者权益保护,保护消费者权益,1,7,82,ok
2022-1216235254,普惠金融,提高普惠金融覆盖面,7,13,82,ok
2022-1216235254,乡村振兴,服务三农和乡村振兴,1,7,82,ok
2023-1219911283,风险管理,包含'风险管理'的章节,4,10,75,ok
2023-1219911283,公司治理,投资者关系管理持续提升,5,11,75,ok
2023-1219911283,绿色金融,绿色金融案例,10,16,75,ok
2023-1219911283,消费者权益保护,规范处理客户投诉,8,14,75,ok
2023-1219911283,普惠金融,做深普惠金融，打造情系本土、深耕当地的普惠精品银行,10,16,75,ok
2023-1219911283,乡村振兴,增强政策引导，支持乡村振兴,6,12,75,ok
2024-1222945525,风险管理,加强信息科技风险管理,3,9,91,ok
2024-1222945525,公司治理,投资者关系管理持续提升,3,9,91,ok
2024-1222945525,绿色金融,包含'环境信息披露'的章节,7,13,91,ok
2024-1222945525,消费者权益保护,健全完善规章制度二、组织开展消费者权益保护宣传活动,6,12,91,ok
2024-1222945525,普惠金融,做深普惠金融，打造情系本土、深耕当地的普惠精品银行,7,13,91,ok
2024-1222945525,乡村振兴,聚焦农业高质高效，以金融之力赋能“农业强”,5,11,91,ok
2025-1225053467,风险管理,包含'风险管理体系'的章节,13,19,92,ok
2025-1225053467,公司治理,包含'投资者关系'的章节,14,20,92,ok
2025-1225053467,绿色金融,您对我们的ESG报告或ESG工作和可持续发展管理方面的意见或建议？,19,25,92,ok
2025-1225053467,消费者权益保护,您认为我们在产品质量与客户服务方面做得如何？,19,25,92,ok
2025-1225053467,普惠金融,包含'普惠金融'的章节,1,7,92,ok
2025-1225053467,乡村振兴,包含'乡村振兴'的章节,1,7,92,ok
2021-1212750891,风险管理,包含'风险管理体系'的章节,3,9,75,ok
2021-1212750891,公司治理,包含'投资者关系'的章节,3,9,75,ok
2021-1212750891,绿色金融,您认为本报告是否反映了郑州银行践行社会责任对经济、社会及环境的影响：,13,19,75,ok
2021-1212750891,消费者权益保护,包含'消费者权益'的章节,3,9,75,ok
2021-1212750891,普惠金融,包含'个体工商户'的章节,3,9,75,ok
2021-1212750891,乡村振兴,包含'乡村振兴'的章节,6,12,75,ok
2022-1216278357,风险管理,包含'风险管理体系'的章节,3,9,91,ok
2022-1216278357,公司治理,包含'投资者关系'的章节,3,9,91,ok
2022-1216278357,绿色金融,您认为本报告是否反映了郑州银行践行社会责任对经济、社会及环境的影响：,13,19,91,ok
2022-1216278357,消费者权益保护,包含'消费者权益'的章节,3,9,91,ok
2022-1216278357,普惠金融,包含'个体工商户'的章节,1,7,91,ok
2022-1216278357,乡村振兴,包含'乡村振兴'的章节,1,7,91,ok
2023-1219447779,风险管理,包含'风险管理体系'的章节,3,9,82,ok
2023-1219447779,公司治理,包含'投资者关系'的章节,3,9,82,ok
2023-1219447779,绿色金融,您认为本报告是否反映了郑州银行践行社会责任对经济、社会及环境的影响：,13,19,82,ok
2023-1219447779,消费者权益保护,包含'消费者权益'的章节,3,9,82,ok
2023-1219447779,普惠金融,包含'个体工商户'的章节,6,12,82,ok
2023-1219447779,乡村振兴,包含'乡村振兴'的章节,2,8,82,ok
2024-1222927737,风险管理,包含'风险管理体系'的章节,4,10,78,ok
2024-1222927737,公司治理,包含'投资者关系'的章节,2,8,78,ok
2024-1222927737,绿色金融,全球报告倡议组织《可持续发展报告统一标准(GRI Standards 2021)》,11,17,78,ok
2024-1222927737,消费者权益保护,包含'消费者权益'的章节,2,8,78,ok
2024-1222927737,普惠金融,包含'普惠金融'的章节,2,8,78,ok
2024-1222927737,乡村振兴,22%。普惠型涉农贷款余额93.38亿元，较上年末增长,5,11,78,ok
2025-1225059575,风险管理,包含'风险管理体系'的章节,3,9,94,ok
2025-1225059575,公司治理,76%，考试通过率100%，有效提升了员工安全意识与合规执行力，夯实了本行信息安全防线。,8,14,94,ok
2025-1225059575,绿色金融,气候相关目标信息，本行积极践行国家“双碳”目标，系统规划低碳转型路线，并通过绿色金融、节能运营等方式降,15,21,94,ok
2025-1225059575,消费者权益保护,76%，考试通过率100%，有效提升了员工安全意识与合规执行力，夯实了本行信息安全防线。,8,14,94,ok
2025-1225059575,普惠金融,包含'中小企业融资'的章节,6,12,94,ok
2025-1225059575,乡村振兴,包含'乡村振兴'的章节,3,9,94,ok
2021-1212688376,风险管理,包含'风险管理体系'的章节,6,12,80,ok
2021-1212688376,公司治理,包含'投资者关系'的章节,4,10,80,ok
2021-1212688376,绿色金融,您认为本报告是否真实全面反映了青岛银行在经济、环境、社会方面的社会责任实践 ：,16,22,80,ok
2021-1212688376,消费者权益保护,包含'消费者权益'的章节,2,8,80,ok
2021-1212688376,普惠金融,包含'普惠金融'的章节,1,7,80,ok
2021-1212688376,乡村振兴,包含'乡村振兴'的章节,1,7,80,ok
2022-1216303439,风险管理,包含'风险管理体系'的章节,5,11,79,ok
2022-1216303439,公司治理,包含'投资者关系'的章节,3,9,79,ok
2022-1216303439,绿色金融,您认为本报告是否真实全面反映了青岛银行在经济、环境、社会方面的社会责任实践 ：,17,23,79,ok
2022-1216303439,消费者权益保护,包含'消费者权益'的章节,3,9,79,ok
2022-1216303439,普惠金融,包含'普惠金融'的章节,1,7,79,ok
2022-1216303439,乡村振兴,包含'乡村振兴'的章节,7,13,79,ok
2023-1219448240,风险管理,包含'风险管理体系'的章节,12,18,78,ok
2023-1219448240,公司治理,包含'投资者关系'的章节,3,9,78,ok
2023-1219448240,绿色金融,您认为本报告是否真实全面反映了青岛银行在经济、环境、社会方面的社会责任实践 ：,16,22,78,ok
2023-1219448240,消费者权益保护,包含'消费者权益'的章节,2,8,78,ok
2023-1219448240,普惠金融,包含'普惠金融'的章节,1,7,78,ok
2023-1219448240,乡村振兴,包含'乡村振兴'的章节,1,7,78,ok
2024-1222910646,风险管理,包含'风险管理体系'的章节,1,7,82,ok
2024-1222910646,公司治理,包含'投资者关系'的章节,2,8,82,ok
2024-1222910646,绿色金融,"""63亿元 ；碳减排支持工具落地3笔，总金额1.98亿元，带动年度碳减排量87","208.81吨二氧化碳，为山东省经济低碳高""",6,82,ok
2024-1222910646,消费者权益保护,包含'消费者权益'的章节,2,8,82,ok
2024-1222910646,普惠金融,包含'普惠金融'的章节,1,7,82,ok
2024-1222910646,乡村振兴,包含'乡村振兴'的章节,2,8,82,ok
2025-1225036797,风险管理,包含'风险管理体系'的章节,6,12,80,ok
2025-1225036797,公司治理,包含'投资者关系'的章节,5,11,80,ok
2025-1225036797,绿色金融,《深圳证券交易所上市公司自律监管指引第17号 —— 可持续发展报告（试,24,30,80,ok
2025-1225036797,消费者权益保护,包含'消费者权益'的章节,1,7,80,ok
2025-1225036797,普惠金融,包含'个体工商户'的章节,11,17,80,ok
2025-1225036797,乡村振兴,包含'乡村振兴'的章节,1,7,80,ok
2021-1213207165,风险管理,包含'风险管理体系'的章节,7,13,93,ok
2021-1213207165,公司治理,1符合负责任原则的相关治理结构、政策和流程,14,20,93,ok
2021-1213207165,绿色金融,2与客户共同致力于可持续发展实践与可持续性经济行为,14,20,93,ok
2021-1213207165,消费者权益保护,包含'消费者权益'的章节,1,7,93,ok
2021-1213207165,普惠金融,包含'中小企业融资'的章节,5,11,93,ok
2021-1213207165,乡村振兴,包含'乡村振兴'的章节,3,9,93,ok
2022-1216700620,风险管理,包含'风险管理体系'的章节,7,13,86,ok
2022-1216700620,公司治理,包含'投资者关系'的章节,7,13,86,ok
2022-1216700620,绿色金融,包含'可持续发展'的章节,12,18,86,ok
2022-1216700620,消费者权益保护,98分；共有17950位客户配合完成客户满意度评价，客户满意度平均得分97.06分。,9,15,86,ok
2022-1216700620,普惠金融,包含'中小企业融资'的章节,4,10,86,ok
2022-1216700620,乡村振兴,包含'乡村振兴'的章节,3,9,86,ok
2023-1219861227,风险管理,包含'风险管理体系'的章节,5,11,77,ok
2023-1219861227,公司治理,包含'投资者关系'的章节,5,11,77,ok
2023-1219861227,绿色金融,包含'可持续发展'的章节,3,9,77,ok
2023-1219861227,消费者权益保护,包含'消费者权益'的章节,7,13,77,ok
2023-1219861227,普惠金融,包含'个体工商户'的章节,2,8,77,ok
2023-1219861227,乡村振兴,包含'乡村振兴'的章节,1,7,77,ok
2024-1223278998,风险管理,包含'风险管理体系'的章节,6,12,92,ok
2024-1223278998,公司治理,您认为我们在公司治理方面做得如何？□ 非常好  □ 好  □ 一般  □ 较差  □ 差,26,32,92,ok
2024-1223278998,绿色金融,您认为我们在绿色金融方面做得如何？□ 非常好  □ 好  □ 一般  □ 较差  □ 差,26,32,92,ok
2024-1223278998,消费者权益保护,您认为我们在客户服务方面做得如何？□ 非常好  □ 好  □ 一般  □ 较差  □ 差,26,32,92,ok
2024-1223278998,普惠金融,包含'个体工商户'的章节,14,20,92,ok
2024-1223278998,乡村振兴,包含'乡村振兴'的章节,1,7,92,ok
2025-1225245653,风险管理,包含'风险管理体系'的章节,6,12,83,ok
2025-1225245653,公司治理,您认为我们在公司治理方面做得如何？,28,34,83,ok
2025-1225245653,绿色金融,您认为我们在绿色金融方面做得如何？,28,34,83,ok
2025-1225245653,消费者权益保护,您认为我们在客户服务方面做得如何？,28,34,83,ok
2025-1225245653,普惠金融,包含'个体工商户'的章节,14,20,83,ok
2025-1225245653,乡村振兴,包含'乡村振兴'的章节,1,7,83,ok
2021-1212710659,风险管理,包含'全面风险管理'的章节,2,8,79,ok
2021-1212710659,公司治理,包含'投资者关系'的章节,2,8,79,ok
2021-1212710659,绿色金融,二、三产业的绿色金融全面品牌序列。建立覆盖绿色信贷、绿色直接融资、碳金融的,3,9,79,ok
2021-1212710659,消费者权益保护,包含'消费者权益'的章节,1,7,79,ok
2021-1212710659,普惠金融,06 亿元；民营企业贷款余额 793.13,1,7,79,ok
2021-1212710659,乡村振兴,包含'乡村振兴'的章节,3,9,79,ok
2022-1216563025,风险管理,包含'风险管理体系'的章节,1,7,88,ok
2022-1216563025,公司治理,包含'投资者关系'的章节,1,7,88,ok
2022-1216563025,绿色金融,您对苏州银行履行社会责任的其他建议？,36,42,88,ok
2022-1216563025,消费者权益保护,包含'消费者权益'的章节,2,8,88,ok
2022-1216563025,普惠金融,包含'个体工商户'的章节,6,12,88,ok
2022-1216563025,乡村振兴,包含'农业产业化'的章节,8,14,88,ok
2023-1219863836,风险管理,包含'风险管理体系'的章节,2,8,87,ok
2023-1219863836,公司治理,包含'投资者关系'的章节,2,8,87,ok
2023-1219863836,绿色金融,promoting the practice of the ESG concept across the Bank in all respects. According to the 2024,37,43,87,ok
2023-1219863836,消费者权益保护,包含'消费者权益'的章节,1,7,87,ok
2023-1219863836,普惠金融,68 亿元，较年初增长 108.10 亿元，增幅 19.60%；服务民营企业对公贷款户数 8532 户，较年初增长 1085 户，增,7,13,87,ok
2023-1219863836,乡村振兴,91 亿元，增速 24.97%；普惠型涉农贷款余额 90.38 亿元，,9,15,87,ok
2024-1223374205,风险管理,包含'风险管理体系'的章节,1,7,82,ok
2024-1223374205,公司治理,包含'投资者关系'的章节,3,9,82,ok
2024-1223374205,绿色金融,您对苏州银行履行社会责任的其他建议？,43,49,82,ok
2024-1223374205,消费者权益保护,75%）和银行卡业务（占比 31.13%）；从地域分布看，苏州地区客户投诉占比较高（占比 81.16%）。苏州银行将持,12,18,82,ok
2024-1223374205,普惠金融,包含'个体工商户'的章节,10,16,82,ok
2024-1223374205,乡村振兴,包含'农业产业化'的章节,10,16,82,ok
2025-1225240292,风险管理,包含'风险管理体系'的章节,4,10,83,ok
2025-1225240292,公司治理,包含'投资者关系'的章节,2,8,83,ok
2025-1225240292,绿色金融,您对苏州银行履行社会责任的其他建议？,45,51,83,ok
2025-1225240292,消费者权益保护,12%）和银行卡业务（占比 26.62%）；从地域分布看，涉及苏州地区业务类客户投诉占比较高（占比 91.87%）。苏州,12,18,83,ok
2025-1225240292,普惠金融,包含'普惠金融'的章节,1,7,83,ok
2025-1225240292,乡村振兴,32 亿元，较年初增长 20.87 亿元。围绕农业产业发展需求，本行创新“银行 + 龙头企业 + 合作社 + 种植大户”联动服,11,17,83,ok
2021-1213175134,风险管理,包含'风险管理'的章节,1,7,86,ok
2021-1213175134,公司治理,开设合规案防系列线上课程 14 期，包含合规销售、员工行为管理、警示教育等多个专题，,12,18,86,ok
2021-1213175134,绿色金融,您认为本报告能否反映浦发银行的社会责任实践对经济、社会、环境的影响？,17,23,86,ok
2021-1213175134,消费者权益保护,开展全员金融消费者权益保护知识在线培训，通过动画微课形式，提升培训趣味性及效果，,12,18,86,ok
2021-1213175134,普惠金融,包含'个体工商户'的章节,6,12,86,ok
2021-1213175134,乡村振兴,绿色农业开发项目,14,20,86,ok
2022-1216456472,风险管理,包含'全面风险管理'的章节,8,14,94,ok
2022-1216456472,公司治理,包含'公司治理结构'的章节,2,8,94,ok
2022-1216456472,绿色金融,您认为本报告能否反映浦发银行的社会责任实践对经济、社会、环境的影响？,17,23,94,ok
2022-1216456472,消费者权益保护,包含'消费者权益'的章节,1,7,94,ok
2022-1216456472,普惠金融,包含'个体工商户'的章节,4,10,94,ok
2022-1216456472,乡村振兴,包含'乡村振兴'的章节,2,8,94,ok
2023-1219910195,风险管理,包含'风险管理体系'的章节,10,16,87,ok
2023-1219910195,公司治理,包含'公司治理结构'的章节,2,8,87,ok
2023-1219910195,绿色金融,您认为本报告能否反映浦发银行的社会责任实践对经济、社会、环境的影响？,21,27,87,ok
2023-1219910195,消费者权益保护,包含'消费者权益'的章节,2,8,87,ok
2023-1219910195,普惠金融,包含'个体工商户'的章节,14,20,87,ok
2023-1219910195,乡村振兴,包含'乡村振兴'的章节,2,8,87,ok
2024-1222948224,风险管理,包含'风险管理体系'的章节,4,10,78,ok
2024-1222948224,公司治理,包含'公司治理结构'的章节,2,8,78,ok
2024-1222948224,绿色金融,绿色信贷余额及增长率为中国人民银行统计口径。,33,39,78,ok
2024-1222948224,消费者权益保护,客服中心客户申诉按时处理率根据监管对于投诉处理时效的要求，拟将原“按时办结率”统一调整为“投诉处理15日内办结,33,39,78,ok
2024-1222948224,普惠金融,包含'普惠金融'的章节,1,7,78,ok
2024-1222948224,乡村振兴,社会公益投入资金金额包含乡村振兴帮扶投入金额。,33,39,78,ok
2025-1225062320,风险管理,包含'风险管理体系'的章节,4,10,86,ok
2025-1225062320,公司治理,包含'投资者关系'的章节,3,9,86,ok
2025-1225062320,绿色金融,包含'环境信息披露'的章节,13,19,86,ok
2025-1225062320,消费者权益保护,包含'消费者权益'的章节,1,7,86,ok
2025-1225062320,普惠金融,包含'个体工商户'的章节,26,32,86,ok
2025-1225062320,乡村振兴,包含'农业产业化'的章节,8,14,86,ok
2021-1213267945,绿色金融,包含'ESG'的章节,8,14,92,ok
2022-1216660905,风险管理,包含'风险管理体系'的章节,14,20,80,ok
2022-1216660905,公司治理,包含'投资者关系'的章节,2,8,80,ok
2022-1216660905,绿色金融,包含'环境信息披露'的章节,1,7,80,ok
2022-1216660905,消费者权益保护,99%，办结率达 100%，投诉处理满意度为 98.04%。,15,21,80,ok
2022-1216660905,普惠金融,包含'个体工商户'的章节,8,14,80,ok
2022-1216660905,乡村振兴,包含'乡村振兴'的章节,1,7,80,ok
2023-1219904606,风险管理,包含'风险管理体系'的章节,4,10,79,ok
2023-1219904606,公司治理,包含'公司治理结构'的章节,3,9,79,ok
2023-1219904606,绿色金融,包含'环境信息披露'的章节,1,7,79,ok
2023-1219904606,消费者权益保护,包含'消费者权益'的章节,1,7,79,ok
2023-1219904606,普惠金融,包含'普惠金融'的章节,1,7,79,ok
2023-1219904606,乡村振兴,包含'乡村振兴'的章节,1,7,79,ok
2024-1223129821,公司治理,包含'内部控制'的章节,85,91,90,ok
2024-1223129821,绿色金融,包含'社会责任'的章节,85,91,90,ok
2024-1223129821,普惠金融,包含'小微企业'的章节,85,91,90,ok
2024-1223129821,乡村振兴,包含'涉农贷款'的章节,85,91,90,ok
2025-1225058304,风险管理,包含'风险管理体系'的章节,1,7,81,ok
2025-1225058304,公司治理,包含'公司治理结构'的章节,12,18,81,ok
2025-1225058304,绿色金融,措纳入战略规划与绿色金融业务发展方向调整。本行在《华夏银行 2021,10,16,81,ok
2025-1225058304,消费者权益保护,包含'消费者权益'的章节,1,7,81,ok
2025-1225058304,普惠金融,包含'个体工商户'的章节,18,24,81,ok
2025-1225058304,乡村振兴,"""78 亿元。本行加强涉农贷款投放，截至 2025 年末，涉农贷款余额 2","181.55""",18,81,ok
2021-1212728495,风险管理,严守合规底线，强化风险管理..................................................................24,1,7,91,ok
2021-1212728495,公司治理,严守合规底线，强化风险管理..................................................................24,1,7,91,ok
2021-1212728495,绿色金融, 大力发展绿色金融，制定《中国民生银行绿色金融发展五年规划（2021,2,8,91,ok
2021-1212728495,消费者权益保护,客户投诉处理,9,15,91,ok
2021-1212728495,普惠金融,聚焦民营企业,4,10,91,ok
2021-1212728495,乡村振兴,包含'乡村振兴'的章节,1,7,91,ok
2021-1212728499,风险管理,包含'风险管理体系'的章节,5,11,94,ok
2021-1212728499,公司治理,稳健经营，强化合规控风险......................................... 26,1,7,94,ok
2021-1212728499,绿色金融,创新环保，绿色发展护生态......................................... 37,1,7,94,ok
2021-1212728499,消费者权益保护,97%，客户满意度达到 99.69%。本行针对客户投诉反映的问题进行分析，不断,5,11,94,ok
2021-1212728499,普惠金融,包含'个体工商户'的章节,3,9,94,ok
2021-1212728499,乡村振兴,包含'乡村振兴'的章节,1,7,94,ok
2022-1216238247,风险管理,包含'风险管理体系'的章节,4,10,91,ok
2022-1216238247,公司治理,稳健经营，强化合规控风险 ......................................................................................... 44,2,8,91,ok
2022-1216238247,绿色金融,环境责任，绿色发展护生态 ........................................................................................... 8,1,7,91,ok
2022-1216238247,消费者权益保护,包含'消费者权益'的章节,2,8,91,ok
2022-1216238247,普惠金融,包含'普惠金融'的章节,3,9,91,ok
2022-1216238247,乡村振兴,包含'农业产业化'的章节,5,11,91,ok
2022-1216238252,风险管理,全面风险管理体系建设,7,13,76,ok
2022-1216238252,公司治理,笃行致远，合规经营筑基石 ..................................... 26,1,7,76,ok
2022-1216238252,绿色金融,完善绿色金融工作机制,11,17,76,ok
2022-1216238252,消费者权益保护,优化客户服务,9,15,76,ok
2022-1216238252,普惠金融,普惠中小微企业,4,10,76,ok
2022-1216238252,乡村振兴,包含'乡村振兴'的章节,2,8,76,ok
2023-1219445427,风险管理,包含'风险管理体系'的章节,7,13,75,ok
2023-1219445427,公司治理,规范公司治理,10,16,75,ok
2023-1219445427,绿色金融,拓展绿色金融业务,6,12,75,ok
2023-1219445427,消费者权益保护,保障客户权益,11,17,75,ok
2023-1219445427,普惠金融,助力民营企业,6,12,75,ok
2023-1219445427,乡村振兴,包含'乡村振兴'的章节,1,7,75,ok
2023-1219445432,风险管理,包含'风险管理体系'的章节,3,9,84,ok
2023-1219445432,公司治理,行稳致远，强化合规控风险 ..........................................................................................57,2,8,84,ok
2023-1219445432,绿色金融,环境责任，绿色发展护生态 ............................................................................................8,1,7,84,ok
2023-1219445432,消费者权益保护,包含'消费者权益'的章节,3,9,84,ok
2023-1219445432,普惠金融,"""77%；普惠 型小微企业 贷款余额 6","122.7 亿元， 较年初新增 632.2 亿元， 本年增速""",10,84,ok
2023-1219445432,乡村振兴,包含'农业产业化'的章节,5,11,84,ok
2024-1222951338,风险管理,包含'风险管理体系'的章节,3,9,87,ok
2024-1222951338,公司治理,行稳致远，强化合规控风险 .....................................................................................66,2,8,87,ok
2024-1222951338,绿色金融,环境责任，绿色发展护生态 .......................................................................................8,1,7,87,ok
2024-1222951338,消费者权益保护,包含'消费者权益'的章节,3,9,87,ok
2024-1222951338,普惠金融,包含'中小企业融资'的章节,12,18,87,ok
2024-1222951338,乡村振兴,14 亿元，为 245 个乡村振兴、社区发展、教育支持、健康福祉、生态文明等领域的创新,22,28,87,ok
2024-1222951343,风险管理,完善风险管理体系,15,21,92,ok
2024-1222951343,公司治理,完善气候治理机制,11,17,92,ok
2024-1222951343,绿色金融,1 完善绿色金融顶层设计,8,14,92,ok
2024-1222951343,消费者权益保护,保护客户隐私,16,22,92,ok
2024-1222951343,普惠金融,并肩民营企业,8,14,92,ok
2024-1222951343,乡村振兴,包含'乡村振兴'的章节,1,7,92,ok
2025-1225062833,风险管理,风险管理体系,15,21,92,ok
2025-1225062833,公司治理,完善气候治理机制,10,16,92,ok
2025-1225062833,绿色金融,守护者·以低碳绘就绿卷 ....................................... 40,1,7,92,ok
2025-1225062833,消费者权益保护,保障客户权益,11,17,92,ok
2025-1225062833,普惠金融,包含'个体工商户'的章节,5,11,92,ok
2025-1225062833,乡村振兴,金融创新，提升助农质效,8,14,92,ok
2025-1225062836,风险管理,包含'风险管理体系'的章节,2,8,75,ok
2025-1225062836,公司治理,行稳致远，强化合规控风险 ............................................ 93,1,7,75,ok
2025-1225062836,绿色金融,OF），存续规模达 3 亿元。该基金严格遵循绿色投资标准，重点配置绿色金融债等,11,17,75,ok
2025-1225062836,消费者权益保护,包含'消费者权益'的章节,2,8,75,ok
2025-1225062836,普惠金融,包含'普惠金融'的章节,2,8,75,ok
2025-1225062836,乡村振兴,27 亿元，为 275 个乡村振兴、社区发展、教育支持、健康福祉、生态文明等领域的创新,31,37,75,ok
2021-1212626213,风险管理,2 强化风险管理,2,8,87,ok
2021-1212626213,公司治理,未来，公司计划分步骤完善水资源消耗统计流程，在总行及各分行推进水资源消耗目标设定与信息披露工作。,35,41,87,ok
2021-1212626213,绿色金融,3 传播绿色环保理念,2,8,87,ok
2021-1212626213,消费者权益保护,3 确保隐私和数据安全,2,8,87,ok
2021-1212626213,普惠金融,2 服务小微企业发展,2,8,87,ok
2021-1212626213,乡村振兴,1 助力乡村振兴,2,8,87,ok
2022-1216221325,风险管理,包含'风险管理体系'的章节,4,10,75,ok
2022-1216221325,公司治理,未来，公司计划分步骤完善水资源消耗统计流程，在总行及各分行推进水资源消耗目标设定与信息披露工作。,34,40,75,ok
2022-1216221325,绿色金融,69%；年内在境内发行 2 笔绿色债券、1 期绿色信贷资产支持,2,8,75,ok
2022-1216221325,消费者权益保护,指公司收到的监管部门转办投诉、95555 渠道客户投诉、信用卡中心渠道客户投诉及行内其他渠道投诉（剔除账户管控、债务协,35,41,75,ok
2022-1216221325,普惠金融,85%；全年为中小微企业、个体工商户及信用卡客户等受困客,2,8,75,ok
2022-1216221325,乡村振兴,包含'乡村振兴'的章节,1,7,75,ok
2023-1219403492,风险管理,包含'风险管理体系'的章节,2,8,79,ok
2023-1219403492,公司治理,您认为本报告的定量信息披露是否客观、真实、有效？,42,48,79,ok
2023-1219403492,绿色金融,2023 年水资源消耗的统计口径为招商银行总行、44 家境内分行和 6 家境外分行全辖。2022 年和 2021 年水资源消耗的统计口径请参考公司 2022 年和 2021 年发布的可持续发展报告。,13,19,79,ok
2023-1219403492,消费者权益保护,回复客户投诉处理结果,20,26,79,ok
2023-1219403492,普惠金融,包含'个体工商户'的章节,18,24,79,ok
2023-1219403492,乡村振兴,包含'农业产业化'的章节,6,12,79,ok
2024-1222895146,风险管理,包含'风险管理体系'的章节,8,14,93,ok
2024-1222895146,公司治理,您认为本报告的定量信息披露是否客观、真实、有效？,48,54,93,ok
2024-1222895146,绿色金融,绿色存款为绿色金融产品，募集到的资金用于可持续型绿色经济项目，助力推动经济向低碳、适应气候变化及可持续发展转型。,13,19,93,ok
2024-1222895146,消费者权益保护,指金融消费者的财产安全权、知情权、自主选择权、公平交易权、依法求偿权、受教育权、受尊重权和信息安全权等八项基本权利。,23,29,93,ok
2024-1222895146,普惠金融,"""28 万户。2024 年新发放普惠型小微企业贷款 6","225.33 亿元，平均利率""",18,93,ok
2024-1222895146,乡村振兴,乡村振兴,7,13,93,ok
2025-1225046968,风险管理,金融风险管理,5,11,77,ok
2025-1225046968,公司治理,您认为本报告是否全面反映了招商银行在环境、社会、公司治理方面的表现？,63,69,77,ok
2025-1225046968,绿色金融,绿色金融,5,11,77,ok
2025-1225046968,消费者权益保护,消费者权益保护,5,11,77,ok
2025-1225046968,普惠金融,普惠金融,5,11,77,ok
2025-1225046968,乡村振兴,乡村振兴,7,13,77,ok
2021-1213205947,风险管理,包含'全面风险管理'的章节,1,7,91,ok
2021-1213205947,公司治理,董事会秘书：孟晋,2,8,91,ok
2021-1213205947,绿色金融,保护环境，支持绿色发展 ............................................................................................... 19,1,7,91,ok
2021-1213205947,消费者权益保护,包含'消费者权益'的章节,1,7,91,ok
2021-1213205947,普惠金融,包含'个体工商户'的章节,4,10,91,ok
2021-1213205947,乡村振兴,包含'乡村振兴'的章节,1,7,91,ok
2022-1216255129,风险管理,包含'全面风险管理'的章节,1,7,85,ok
2022-1216255129,公司治理,董事会秘书：王锋,2,8,85,ok
2022-1216255129,绿色金融,保护环境，支持绿色发展 ............................................................................................... 20,1,7,85,ok
2022-1216255129,消费者权益保护,包含'消费者权益'的章节,1,7,85,ok
2022-1216255129,普惠金融,包含'个体工商户'的章节,4,10,85,ok
2022-1216255129,乡村振兴,包含'乡村振兴'的章节,1,7,85,ok
2023-1219461792,风险管理,包含'全面风险管理'的章节,1,7,77,ok
2023-1219461792,公司治理,董事会秘书：王锋,2,8,77,ok
2023-1219461792,绿色金融,保护环境，支持绿色发展  .................................................. 21,1,7,77,ok
2023-1219461792,消费者权益保护,包含'消费者权益'的章节,1,7,77,ok
2023-1219461792,普惠金融,包含'个体工商户'的章节,4,10,77,ok
2023-1219461792,乡村振兴,包含'乡村振兴'的章节,1,7,77,ok
2024-1222945254,风险管理,包含'全面风险管理'的章节,1,7,78,ok
2024-1222945254,公司治理,董事会秘书：费国栋,3,9,78,ok
2024-1222945254,绿色金融,保护环境，支持绿色发展  ...................................................................................................25,1,7,78,ok
2024-1222945254,消费者权益保护,包含'消费者权益'的章节,1,7,78,ok
2024-1222945254,普惠金融,荣获金融数字化发展联盟颁发的“年度最佳普惠金融实,3,9,78,ok
2024-1222945254,乡村振兴,81 亿元，较年初增长 7.53 亿元，增速 2.68%；普惠型涉农,5,11,78,ok
2025-1225048035,风险管理,包含'全面风险管理'的章节,1,7,90,ok
2025-1225048035,公司治理,荣获江苏农商联合银行颁发的 “‘合规创造价值’优秀,2,8,90,ok
2025-1225048035,绿色金融,保护环境，支持绿色发展  ...................................................................................................19,1,7,90,ok
2025-1225048035,消费者权益保护,包含'消费者权益'的章节,1,7,90,ok
2025-1225048035,普惠金融,荣获中国经济时报社颁发的“2024 年度农村金融新闻,2,8,90,ok
2025-1225048035,乡村振兴,荣获中国经济时报社颁发的“2024 年度农村金融新闻,2,8,90,ok
2021-1212897906,风险管理,强化风险管理，审慎合规经营,2,8,86,ok
2021-1212897906,公司治理,强化风险管理，审慎合规经营,2,8,86,ok
2021-1212897906,绿色金融,发展绿色金融，助力“双碳”目标,2,8,86,ok
2021-1212897906,消费者权益保护,保护消费者权益，提升服务体验,2,8,86,ok
2021-1212897906,普惠金融,践行普惠金融，促进共同富裕,2,8,86,ok
2021-1212897906,乡村振兴,包含'农业产业化'的章节,8,14,86,ok
2022-1216586596,风险管理,强化风险管理，坚持稳健经营,2,8,90,ok
2022-1216586596,公司治理,完善信息披露，保护投资者权益,2,8,90,ok
2022-1216586596,绿色金融,完善顶层设计，助力绿色转型,2,8,90,ok
2022-1216586596,消费者权益保护,保护消费者权益，提升服务体验,2,8,90,ok
2022-1216586596,普惠金融,践行普惠金融，促进共同富裕,2,8,90,ok
2022-1216586596,乡村振兴,包含'乡村振兴'的章节,3,9,90,ok
2023-1219833470,风险管理,完善风险管理........................................................... 81,2,8,84,ok
2023-1219833470,公司治理,确保合规运营........................................................... 82,2,8,84,ok
2023-1219833470,绿色金融,创新绿色金融产品,6,12,84,ok
2023-1219833470,消费者权益保护,隐私与数据安全,12,18,84,ok
2023-1219833470,普惠金融,践行普惠金融...................................................................... 46,2,8,84,ok
2023-1219833470,乡村振兴,实施“产业贷款提升”工程，支持乡村振兴重点领域,10,16,84,ok
2024-1223143261,风险管理,包含'风险管理体系'的章节,4,10,89,ok
2024-1223143261,公司治理,包含'审计委员会'的章节,19,25,89,ok
2024-1223143261,绿色金融,加大绿色转型投融资力度：重点投向节能环保、清洁能源和,6,12,89,ok
2024-1223143261,消费者权益保护,包含'消费者权益'的章节,2,8,89,ok
2024-1223143261,普惠金融,包含'个体工商户'的章节,12,18,89,ok
2024-1223143261,乡村振兴,包含'乡村振兴'的章节,4,10,89,ok
2025-1225247488,风险管理,包含'风险管理体系'的章节,1,7,92,ok
2025-1225247488,公司治理,环境合规管理,5,11,92,ok
2025-1225247488,绿色金融,循环经济,5,11,92,ok
2025-1225247488,消费者权益保护,数据安全与客户隐私保护,5,11,92,ok
2025-1225247488,普惠金融,平等对待中小企业,5,11,92,ok
2025-1225247488,乡村振兴,乡村振兴,5,11,92,ok
2021-1212942447,风险管理,包含'风险管理体系'的章节,2,8,75,ok
2021-1212942447,公司治理,包含'公司治理结构'的章节,4,10,75,ok
2021-1212942447,绿色金融,绿色发展，助力双碳目标 ........................................................................................ 23,1,7,75,ok
2021-1212942447,消费者权益保护,数智赋能，优化客户服务 ........................................................................................ 30,2,8,75,ok
2021-1212942447,普惠金融,包含'中小企业融资'的章节,6,12,75,ok
2021-1212942447,乡村振兴,包含'乡村振兴'的章节,1,7,75,ok
2022-1216586604,风险管理,包含'风险管理体系'的章节,4,10,87,ok
2022-1216586604,公司治理,27 万；举办第一届主题为“内控促进发展 合规创造价值”的内控合规知识竞赛，以赛促,4,10,87,ok
2022-1216586604,绿色金融,低碳发展，守护生态文明.......................................................................................................32,2,8,87,ok
2022-1216586604,消费者权益保护,数智赋能，提升客户服务.......................................................................................................39,2,8,87,ok
2022-1216586604,普惠金融,包含'中小企业融资'的章节,7,13,87,ok
2022-1216586604,乡村振兴,包含'乡村振兴'的章节,2,8,87,ok
2023-1219702551,风险管理,包含'风险管理体系'的章节,4,10,81,ok
2023-1219702551,公司治理,包含'公司治理结构'的章节,4,10,81,ok
2023-1219702551,绿色金融,包含'环境信息披露'的章节,1,7,81,ok
2023-1219702551,消费者权益保护,包含'消费者权益'的章节,3,9,81,ok
2023-1219702551,普惠金融,包含'普惠金融'的章节,1,7,81,ok
2023-1219702551,乡村振兴,包含'乡村振兴'的章节,2,8,81,ok
2024-1223072723,风险管理,包含'风险管理体系'的章节,15,21,91,ok
2024-1223072723,公司治理,您认为我们在公司治理方面做得如何？,18,24,91,ok
2024-1223072723,绿色金融,您对我们履行 ESG 及本报告有何意见和建议：,18,24,91,ok
2024-1223072723,消费者权益保护,包含'消费者权益'的章节,1,7,91,ok
2024-1223072723,普惠金融,包含'个体工商户'的章节,18,24,91,ok
2024-1223072723,乡村振兴,包含'乡村振兴'的章节,1,7,91,ok
2025-1225157186,风险管理,包含'风险管理体系'的章节,2,8,79,ok
2025-1225157186,公司治理,包含'投资者关系'的章节,15,21,79,ok
2025-1225157186,绿色金融,直属分支机构主要负责人对机构绿色金融工作承担主体责任，由机构公司,4,10,79,ok
2025-1225157186,消费者权益保护,包含'消费者权益'的章节,1,7,79,ok
2025-1225157186,普惠金融,06%，高于全行各项贷款增速 1.03 个百分点，普惠型小微企业贷款户数 14.07 万户，较年初增,7,13,79,ok
2025-1225157186,乡村振兴,包含'乡村振兴'的章节,1,7,79,ok
2021-1213224935,风险管理,包含'风险管理体系'的章节,8,14,80,ok
2021-1213224935,公司治理,监事会,3,9,80,ok
2021-1213224935,绿色金融,包含'绿色金融'的章节,1,7,80,ok
2021-1213224935,消费者权益保护,包含'消费者权益'的章节,2,8,80,ok
2021-1213224935,普惠金融,包含'普惠金融'的章节,1,7,80,ok
2021-1213224935,乡村振兴,包含'乡村振兴'的章节,1,7,80,ok
2022-1216664125,风险管理,完善全面风险管理体系,3,9,82,ok
2022-1216664125,公司治理,完善三会一层履职,3,9,82,ok
2022-1216664125,绿色金融,SH2022年度社会责任报告CORPORATE SOCIAL RESPONSIBILITY REPORT 2022,1,7,82,ok
2022-1216664125,消费者权益保护,包含'消费者权益'的章节,1,7,82,ok
2022-1216664125,普惠金融,59%，其中，普惠型小微企业贷款余额 59.42 亿元，较年初增加 11.24 亿元，,7,13,82,ok
2022-1216664125,乡村振兴,包含'乡村振兴'的章节,1,7,82,ok
2023-1219916502,风险管理,完善全面风险管理体系,3,9,75,ok
2023-1219916502,公司治理,深化公司治理,1,7,75,ok
2023-1219916502,绿色金融,发展绿色金融,1,7,75,ok
2023-1219916502,消费者权益保护,保护客户权益,1,7,75,ok
2023-1219916502,普惠金融,包含'普惠金融'的章节,1,7,75,ok
2023-1219916502,乡村振兴,包含'乡村振兴'的章节,1,7,75,ok
2024-1223421244,风险管理,包含'风险管理体系'的章节,8,14,76,ok
2024-1223421244,公司治理,包含'投资者关系'的章节,9,15,76,ok
2024-1223421244,绿色金融,75%；成功发行绿色金融债券 15 亿元。同时，积极践行绿色运营理念，将绿色办公融入日常管理，以实际行动推,1,7,76,ok
2024-1223421244,消费者权益保护,包含'消费者权益'的章节,6,12,76,ok
2024-1223421244,普惠金融,包含'普惠金融'的章节,1,7,76,ok
2024-1223421244,乡村振兴,包含'农业产业化'的章节,4,10,76,ok
2025-1225151615,风险管理,包含'风险管理体系'的章节,1,7,93,ok
2025-1225151615,公司治理,包含'投资者关系'的章节,1,7,93,ok
2025-1225151615,绿色金融,SH环境、社会及治理暨社会责任报告,1,7,93,ok
2025-1225151615,消费者权益保护,包含'消费者权益'的章节,2,8,93,ok
2025-1225151615,普惠金融,包含'个体工商户'的章节,1,7,93,ok
2025-1225151615,乡村振兴,包含'乡村振兴'的章节,1,7,93,ok
2021-1212795741,风险管理,持续推进智能风控建设，坚持优化信贷投向，强化统一授信。提升社会和环境风险管理水平，不断加强对环境与社,18,24,84,ok
2021-1212795741,公司治理,对标负责任银行的六项原则，在经营中融入可持续发展理念，促进可持续金融的持续发展。不断完善环境信息披露,17,23,84,ok
2021-1212795741,绿色金融,加快推进绿色金融发展，不断完善绿色金融顶层设计，持续推进绿色金融产品创新，积极引导资金流向绿色环保的,17,23,84,ok
2021-1212795741,消费者权益保护,3. 保障信息数据安全,1,7,84,ok
2021-1212795741,普惠金融,包含'个体工商户'的章节,10,16,84,ok
2021-1212795741,乡村振兴,包含'乡村振兴'的章节,2,8,84,ok
2022-1216706740,风险管理,6全面风险管理,1,7,83,ok
2022-1216706740,公司治理,行稳致远，夯实公司治理,1,7,83,ok
2022-1216706740,绿色金融,推进绿色金融发展规划工作，制定可行的绿色金融基础管理、制度流程、产品服务、业务策略、系统,22,28,83,ok
2022-1216706740,消费者权益保护,消费者权益保护 + 员工权益保护,19,25,83,ok
2022-1216706740,普惠金融,4.1 普惠金融,10,16,83,ok
2022-1216706740,乡村振兴,创新金融形式服务社会，对于乡村振兴、公益慈善、普惠等具有社会责任意义的议题，因地制宜、因,22,28,83,ok
2023-1219877711,风险管理,7全面风险管理,1,7,84,ok
2023-1219877711,公司治理,2完善公司治理,1,7,84,ok
2023-1219877711,绿色金融,深耕绿色金融发展，围绕应对气候变化、保护生物多样性等重大议题，大力支持绿色产业发展和高碳行,34,40,84,ok
2023-1219877711,消费者权益保护,消费者权益保护、员工权益保护,31,37,84,ok
2023-1219877711,普惠金融,坚持金融服务社会民生，通过深耕普惠金融和科创金融，大力支持乡村振兴、中小企业和民营企业发,34,40,84,ok
2023-1219877711,乡村振兴,坚持金融服务社会民生，通过深耕普惠金融和科创金融，大力支持乡村振兴、中小企业和民营企业发,34,40,84,ok
2024-1223197842,风险管理,“1”指战略规划，“3”指围绕支持绿色发展、ESG 风险防范、全行绿色运营三个领域构建全行工作实施方案，“X”指全行各部门,1,7,84,ok
2024-1223197842,公司治理,包含'公司治理'的章节,7,13,84,ok
2024-1223197842,绿色金融,绿色工厂贷：加速绿色制造发展，优化绿色金融服务,4,10,84,ok
2024-1223197842,消费者权益保护,包含'客户服务'的章节,2,8,84,ok
2024-1223197842,普惠金融,包含'中小企业'的章节,7,13,84,ok
2024-1223197842,乡村振兴,包含'农业'的章节,2,8,84,ok
2025-1225157420,风险管理,强化信息科技风险管理：提升风险防控能力,5,11,75,ok
2025-1225157420,公司治理,数据治理：保障数据安全合规,5,11,75,ok
2025-1225157420,绿色金融,锚定低碳发展目标，创新碳挂钩信贷产品,7,13,75,ok
2025-1225157420,消费者权益保护,数据治理：保障数据安全合规,5,11,75,ok
2025-1225157420,普惠金融,包含'中小企业融资'的章节,9,15,75,ok
2025-1225157420,乡村振兴,"""发行全国首单“绿色+两新+乡村振兴""""三贴标债券""",7,13,75,ok
2021-1212749302,风险管理,包含'风险管理体系'的章节,3,9,89,ok
2021-1212749302,公司治理,包含'投资者关系'的章节,5,11,89,ok
2021-1212749302,绿色金融,二氧化硫排放主要来自于公车耗油，二氧化硫排放数据根据中国环境保护部刊发的《道路机动车大气污染物排放清,12,18,89,ok
2021-1212749302,消费者权益保护,包含'消费者权益'的章节,2,8,89,ok
2021-1212749302,普惠金融,包含'个体工商户'的章节,8,14,89,ok
2021-1212749302,乡村振兴,包含'农业产业化'的章节,6,12,89,ok
2022-1216275742,风险管理,包含'风险管理体系'的章节,2,8,88,ok
2022-1216275742,公司治理,包含'审计委员会'的章节,2,8,88,ok
2022-1216275742,绿色金融,：社会责任》以及《〈公司履行社会责任的报告〉编制指引》、香港联合交易所的,1,7,88,ok
2022-1216275742,消费者权益保护,包含'消费者权益'的章节,2,8,88,ok
2022-1216275742,普惠金融,包含'个体工商户'的章节,7,13,88,ok
2022-1216275742,乡村振兴,包含'乡村振兴'的章节,1,7,88,ok
2023-1219448302,风险管理,包含'风险管理体系'的章节,1,7,79,ok
2023-1219448302,公司治理,包含'投资者关系'的章节,4,10,79,ok
2023-1219448302,绿色金融,82亿元，较年初净增132.67亿元，增幅为27.23%。绿色金融占比10.16%，较年初提升,10,16,79,ok
2023-1219448302,消费者权益保护,包含'消费者权益'的章节,2,8,79,ok
2023-1219448302,普惠金融,69%，增量、存量均居全市第一。小微企业金融服务监管评价保持“一级”，荣获“2022年度,7,13,79,ok
2023-1219448302,乡村振兴,包含'乡村振兴'的章节,1,7,79,ok
2024-1222896101,风险管理,包含'风险管理体系'的章节,1,7,86,ok
2024-1222896101,公司治理,包含'公司治理结构'的章节,17,23,86,ok
2024-1222896101,绿色金融,您对本行社会责任工作和本报告还有哪些意见和建议？,23,29,86,ok
2024-1222896101,消费者权益保护,5万人。2024年反假货币宣传月丰富了群众货币金融知识，有效增强了群众反假货币意,18,24,86,ok
2024-1222896101,普惠金融,包含'中小企业融资'的章节,10,16,86,ok
2024-1222896101,乡村振兴,包含'乡村振兴'的章节,1,7,86,ok
2025-1225032225,风险管理,包含'风险管理体系'的章节,4,10,90,ok
2025-1225032225,公司治理,以上修订《公司章程》和《董事会议事规则》将于修订后的《公司章程》获国家金融监督管理总局重庆监管局核准之日起生效。,3,9,90,ok
2025-1225032225,绿色金融,依据《中国人民银行、金融监管总局、中国证监会关于印发<绿色金融支持项目目录(2025年版)>的通知》，2025年采用新规口径统计。,22,28,90,ok
2025-1225032225,消费者权益保护,96万人，有效增强了群众反假货币意识，丰富了货币金融知识，提升了,20,26,90,ok
2025-1225032225,普惠金融,包含'个体工商户'的章节,9,15,90,ok
2025-1225032225,乡村振兴,包含'乡村振兴'的章节,1,7,90,ok
2021-1212740956,绿色金融,Your overall assessment of the ESG Report 2021:,39,45,75,ok
2022-1216200170,风险管理,包含'流动性风险'的章节,2,8,76,ok
2022-1216200170,公司治理,包含'薪酬委员会'的章节,2,8,76,ok
2022-1216200170,绿色金融,您对 2022 年企业社会责任报告的综合评价：,12,18,76,ok
2022-1216200170,消费者权益保护,包含'消费者权益'的章节,2,8,76,ok
2022-1216200170,普惠金融,包含'个体工商户'的章节,6,12,76,ok
2022-1216200170,乡村振兴,76%，助力推动辖内农业农村现代化发展，进一步实现乡村振兴。,5,11,76,ok
2023-1219375028,绿色金融,包含'ESG'的章节,1,7,76,ok
2024-1222926504,绿色金融,What are your opinions and suggestions for our ESG performance and this report?,80,86,91,ok
2025-1225168991,风险管理,包含'全面风险管理'的章节,3,9,94,ok
2025-1225168991,公司治理,您认为我们在公司治理方面做得如何？,26,32,94,ok
2025-1225168991,绿色金融,您对我们履行 ESG 及本报告有何意见和建议：,26,32,94,ok
2025-1225168991,消费者权益保护,包含'消费者权益'的章节,5,11,94,ok
2025-1225168991,普惠金融,包含'个体工商户'的章节,3,9,94,ok
2025-1225168991,乡村振兴,"""47 万元，其中乡村振兴投入 20 万元，志愿服务时长 1","276.5 小时，累计献血 831 人次。""",25,94,ok
2021-1212671858,风险管理,包含'风险管理体系'的章节,5,11,82,ok
2021-1212671858,公司治理,1 机构符合负责任原则的公司治理结构、政策框,22,28,82,ok
2021-1212671858,绿色金融,2 银行的商业战略与社会可持续发展目标的契合,22,28,82,ok
2021-1212671858,消费者权益保护,包含'消费者权益'的章节,1,7,82,ok
2021-1212671858,普惠金融,包含'个体工商户'的章节,3,9,82,ok
2021-1212671858,乡村振兴,包含'农业产业化'的章节,10,16,82,ok
2022-1216279419,风险管理,包含'风险管理体系'的章节,7,13,84,ok
2022-1216279419,公司治理,您对兴业银行在公司治理方面的评价如何：,30,36,84,ok
2022-1216279419,绿色金融,您认为兴业银行可持续发展报告编制整体质量如何：,30,36,84,ok
2022-1216279419,消费者权益保护,包含'消费者权益'的章节,4,10,84,ok
2022-1216279419,普惠金融,8 万户中小微企业、个体工商户提供延期还本付,4,10,84,ok
2022-1216279419,乡村振兴,包含'乡村振兴'的章节,1,7,84,ok
2023-1219445712,风险管理,包含'风险管理体系'的章节,5,11,75,ok
2023-1219445712,公司治理,您对兴业银行在公司治理方面的评价如何：,39,45,75,ok
2023-1219445712,绿色金融,“本信托产品将使用中证 ESG 指数以及富时罗素 ESG 评级体系，作为 ESG 证券的,18,24,75,ok
2023-1219445712,消费者权益保护,66%，对客户服务中心整体服务满意率 90.41%，对客服代表服务满意率 98.6%。,24,30,75,ok
2023-1219445712,普惠金融,包含'个体工商户'的章节,14,20,75,ok
2023-1219445712,乡村振兴,包含'乡村振兴'的章节,2,8,75,ok
2024-1222927162,风险管理,2 全面风险管理 .................................................. 36,1,7,82,ok
2024-1222927162,公司治理,您对兴业银行在公司治理方面的评价如何：,67,73,82,ok
2024-1222927162,绿色金融,2 发展绿色金融 .................................................. 90,1,7,82,ok
2024-1222927162,消费者权益保护,4 数据安全与隐私保护 ........................................... 139,1,7,82,ok
2024-1222927162,普惠金融,2 发力普惠金融 ................................................. 170,1,7,82,ok
2024-1222927162,乡村振兴,3 推进乡村振兴 ................................................. 176,1,7,82,ok
2025-1225039296,风险管理,3 深化全面风险管理*,1,7,77,ok
2025-1225039296,公司治理,2 优化公司治理体系,1,7,77,ok
2025-1225039296,绿色金融,2 持续深耕绿色金融*,1,7,77,ok
2025-1225039296,消费者权益保护,04亿元，近三个年度信息安全投入合计达3.58亿元，充分保障本行数据安全和隐私保护工,60,66,77,ok
2025-1225039296,普惠金融,3 优化普惠金融供给*,1,7,77,ok
2025-1225039296,乡村振兴,包含'乡村振兴'的章节,2,8,77,ok
2021-1213270798,风险管理,包含'全面风险管理'的章节,46,52,76,ok
2021-1213270798,绿色金融,包含'ESG'的章节,14,20,76,ok
2021-1214474230,风险管理,包含'风险管理体系'的章节,42,48,75,ok
2021-1214474230,公司治理,您对北京银行在公司治理方面实践的评价：,68,74,75,ok
2021-1214474230,绿色金融,2 亿元，增幅 82.1%，累计服务客户数超千户，其中清洁能源产业贷款同比增,59,65,75,ok
2021-1214474230,消费者权益保护,包含'消费者权益'的章节,28,34,75,ok
2021-1214474230,普惠金融,包含'个体工商户'的章节,19,25,75,ok
2021-1214474230,乡村振兴,包含'乡村振兴'的章节,9,15,75,ok
2022-1216358080,风险管理,包含'风险管理体系'的章节,3,9,94,ok
2022-1216358080,公司治理,您对北京银行在公司治理方面实践的评价 ：,23,29,94,ok
2022-1216358080,绿色金融,23亿元 ；水污染治理、生态环保建设、绿道等专项地方债合计16只，余额15.21亿元 ；绿色企业债一只，余,13,19,94,ok
2022-1216358080,消费者权益保护,包含'消费者权益'的章节,8,14,94,ok
2022-1216358080,普惠金融,包含'个体工商户'的章节,6,12,94,ok
2022-1216358080,乡村振兴,包含'乡村振兴'的章节,2,8,94,ok
2023-1219583298,风险管理,包含'风险管理体系'的章节,2,8,88,ok
2023-1219583298,公司治理,您对北京银行在公司治理方面实践的评价 ：,31,37,88,ok
2023-1219583298,绿色金融,绿色金融业务,28,34,88,ok
2023-1219583298,消费者权益保护,消费者权益保护情况,29,35,88,ok
2023-1219583298,普惠金融,50%。普惠型小微企业贷款户数34.9万户，较年初增4.97万户，增幅,11,17,88,ok
2023-1219583298,乡村振兴,包含'乡村振兴'的章节,1,7,88,ok
2024-1223096753,风险管理,包含'风险管理体系'的章节,6,12,90,ok
2024-1223096753,公司治理,您对北京银行在公司治理方面实践的评价：,27,33,90,ok
2024-1223096753,绿色金融,您对改善和提高北京银行践行 ESG 发展理念和本报告的其他意见和建议：,27,33,90,ok
2024-1223096753,消费者权益保护,包含'消费者权益'的章节,1,7,90,ok
2024-1223096753,普惠金融,2024 年普惠金融贷款余额为人行 2000 万元统计口径。按金监总局普惠口径，2024 年末本行普惠型小微企,24,30,90,ok
2024-1223096753,乡村振兴,涉农贷款余额根据人行 A1433 报表新口径统计，主要因为农村区域、城市区域（县城城区、开发区）范围调,24,30,90,ok
2025-1225217665,风险管理,2026 年 4 月 27 日，北京银行董事会 2026 年第三次会议审议通过《关于北京银行股份有限公司董事会风险管理,3,9,80,ok
2025-1225217665,公司治理,您对北京银行在公司治理方面实践的评价：,29,35,80,ok
2025-1225217665,绿色金融,份有限公司 2024 年社会责任暨 ESG 报告》《北京银行绿色金融三年发展战略规划（2025,3,9,80,ok
2025-1225217665,消费者权益保护,包含'消费者权益'的章节,1,7,80,ok
2025-1225217665,普惠金融,"""报告期内 ", 本行已按照规定在国家企业信用信息公示系统中公示企业年度报告 ," 无逾期尚未支付中小企业款项。""",80,ok
2025-1225217665,乡村振兴,包含'乡村振兴'的章节,2,8,80,ok
2021-1212729810,风险管理,包含'全面风险管理'的章节,5,11,94,ok
2021-1212729810,公司治理,包含'投资者关系'的章节,1,7,94,ok
2021-1212729810,绿色金融,社会责任管理 ........................................................................................................ 10,1,7,94,ok
2021-1212729810,消费者权益保护,包含'消费者权益'的章节,2,8,94,ok
2021-1212729810,普惠金融,包含'个体工商户'的章节,6,12,94,ok
2021-1212729810,乡村振兴,包含'乡村振兴'的章节,1,7,94,ok
2022-1216664721,风险管理,包含'风险管理体系'的章节,5,11,85,ok
2022-1216664721,公司治理,包含'投资者关系'的章节,1,7,85,ok
2022-1216664721,绿色金融,社会责任管理 ........................................................................................................ 10,1,7,85,ok
2022-1216664721,消费者权益保护,包含'消费者权益'的章节,2,8,85,ok
2022-1216664721,普惠金融,包含'个体工商户'的章节,7,13,85,ok
2022-1216664721,乡村振兴,包含'农业产业化'的章节,8,14,85,ok
2023-1219916780,风险管理,本公司“消费金融数字化信用风险管理体系”在城银清算服务有限责任公司主办的,4,10,86,ok
2023-1219916780,公司治理,本公司荣获《证券时报》颁发的“2023 年度和谐投资者关系银行天玑奖”。,4,10,86,ok
2023-1219916780,绿色金融,社会责任管理 ........................................................................................................................................... 11,1,7,86,ok
2023-1219916780,消费者权益保护,本公司三明分行荣获中国人民银行三明市分行授予的“2022 年度金融消费者权益保,4,10,86,ok
2023-1219916780,普惠金融,本公司荣获《每日经济新闻》颁发的第 14 届金鼎奖“年度卓越普惠金融奖”。,4,10,86,ok
2023-1219916780,乡村振兴,助力乡村振兴,7,13,86,ok
2024-1223384649,风险管理,包含'风险管理体系'的章节,6,12,84,ok
2024-1223384649,公司治理,13%。对于独立董事专门会议，公司独立董事的出席率为 100%，亲自出席率 96.67%。,24,30,84,ok
2024-1223384649,绿色金融,《厦门银行股份有限公司绿色低碳行动（2024,12,18,84,ok
2024-1223384649,消费者权益保护,包含'消费者权益'的章节,1,7,84,ok
2024-1223384649,普惠金融,5 万元，用于扶贫济困、赈灾就难、助学助残、,24,30,84,ok
2024-1223384649,乡村振兴,包含'乡村振兴'的章节,4,10,84,ok
2025-1225266418,风险管理,包含'风险管理体系'的章节,7,13,85,ok
2025-1225266418,公司治理,7%。公司致力于推动董事会在专业经验和技能、知识、文化、教育背景及性别,25,31,85,ok
2025-1225266418,绿色金融,55%，大幅领先各项贷款平均增速。在自身运营方面，我们坚定推进低碳转型，,1,7,85,ok
2025-1225266418,消费者权益保护,包含'消费者权益'的章节,1,7,85,ok
2025-1225266418,普惠金融,05 亿元，增幅 26.27%。持续强化对民营企业的金融支持，截至 2025 年末，,1,7,85,ok
2025-1225266418,乡村振兴,包含'乡村振兴'的章节,4,10,85,ok
2021-1213030160,风险管理,包含'风险管理体系'的章节,1,7,83,ok
2021-1213030160,公司治理,包含'投资者关系'的章节,4,10,83,ok
2021-1213030160,绿色金融,0”，迭代升级“绿色金融 +”产品服务体系。聚焦绿色信贷、绿色债,10,16,83,ok
2021-1213030160,消费者权益保护,客户满意度是指我行通过“神秘人项目”和内部网点运营人员调查问卷综合获取客户满意度指标。,2,8,83,ok
2021-1213030160,普惠金融,包含'个体工商户'的章节,13,19,83,ok
2021-1213030160,乡村振兴,包含'乡村振兴'的章节,1,7,83,ok
2022-1216664772,风险管理,包含'风险管理体系'的章节,1,7,90,ok
2022-1216664772,公司治理,包含'公司治理结构'的章节,3,9,90,ok
2022-1216664772,绿色金融,您认为本报告是否能反映上海银行社会责任实践对经济、环境、社会的影响？,21,27,90,ok
2022-1216664772,消费者权益保护,客户满意度是指我行通过“神秘人项目”和内部网点运营人员调查问卷综合获取客户满意度指标。,3,9,90,ok
2022-1216664772,普惠金融,包含'个体工商户'的章节,8,14,90,ok
2022-1216664772,乡村振兴,包含'乡村振兴'的章节,1,7,90,ok
2023-1219842057,风险管理,包含'风险管理体系'的章节,2,8,89,ok
2023-1219842057,公司治理,包含'投资者关系'的章节,5,11,89,ok
2023-1219842057,绿色金融,您对上海银行社会责任及 ESG 工作和本报告的意见和建议：,28,34,89,ok
2023-1219842057,消费者权益保护,包含'消费者权益'的章节,2,8,89,ok
2023-1219842057,普惠金融,包含'普惠金融'的章节,2,8,89,ok
2023-1219842057,乡村振兴,包含'乡村振兴'的章节,2,8,89,ok
2024-1223286933,风险管理,包含'风险管理体系'的章节,2,8,90,ok
2024-1223286933,公司治理,包含'投资者关系'的章节,4,10,90,ok
2024-1223286933,绿色金融,您对上海银行社会责任及 ESG 工作和本报告的意见和建议：,31,37,90,ok
2024-1223286933,消费者权益保护,包含'消费者权益'的章节,1,7,90,ok
2024-1223286933,普惠金融,包含'个体工商户'的章节,10,16,90,ok
2024-1223286933,乡村振兴,包含'乡村振兴'的章节,1,7,90,ok
2025-1225173733,风险管理,包含'风险管理体系'的章节,4,10,76,ok
2025-1225173733,公司治理,合规管理,25,31,76,ok
2025-1225173733,绿色金融,您对上海银行可持续发展工作和本报告的意见和建议：,35,41,76,ok
2025-1225173733,消费者权益保护,包含'消费者权益'的章节,1,7,76,ok
2025-1225173733,普惠金融,发展普惠金融,13,19,76,ok
2025-1225173733,乡村振兴,包含'乡村振兴'的章节,4,10,76,ok
2021-1212749877,风险管理,包含'风险管理体系'的章节,18,24,78,ok
2021-1212749877,公司治理,加权平均净资产收益率根据证监会《公开发行证券的公司信息披露编报规则第 9 号 - 净资产收益率和每股收益的计算及披露》（2010 年修订）的规定计算。,19,25,78,ok
2021-1212749877,绿色金融,2 描述银行现有战略 / 计划调整战略如何与联合国可持续发展目标（SDGs）、《巴黎气候协定》以及国家和地区相关框,28,34,78,ok
2021-1212749877,消费者权益保护,客户投诉办结率（%）：客户投诉办结率 =（1-,25,31,78,ok
2021-1212749877,普惠金融,口径根据《中国银保监会办公厅关于 2021 年进一步推动小微企业金融服务高质量发展的通知》（银保监办发〔2021〕49 号）调整，剔除了票据贴现和转贴,19,25,78,ok
2021-1212749877,乡村振兴,2%。积极探索服务乡村振兴新模式，创新智慧农业,1,7,78,ok
2022-1216276180,风险管理,包含'风险管理体系'的章节,5,11,94,ok
2022-1216276180,公司治理,加权平均净资产收益率根据证监会《公开发行证券的公司信息披露编报规则第 9 号 - 净资产收益率和每股收益的计算及披露》（2010 年修订）的规,3,9,94,ok
2022-1216276180,绿色金融,承销绿色债券期数及募集金额指中国农业银行股份有限公司承销的将所得资金专门用于资助符合规定条件的绿色项目或为这些项目进行再融资的,3,9,94,ok
2022-1216276180,消费者权益保护,包含'消费者权益'的章节,1,7,94,ok
2022-1216276180,普惠金融,口径根据《中国银保监会办公厅关于 2021 年进一步推动小微企业金融服务高质量发展的通知》（银保监办发〔2021〕49 号）调整，剔除了票据,3,9,94,ok
2022-1216276180,乡村振兴,1% ；乡村振兴重点帮扶县乡,9,15,94,ok
2023-1219445729,风险管理,包含'风险管理体系'的章节,12,18,82,ok
2023-1219445729,公司治理,加权平均净资产收益率根据证监会《公开发行证券的公司信息披露编报规则第 9 号 - 净资产收益率和每股收益的计算及披露》（2010,3,9,82,ok
2023-1219445729,绿色金融,承销绿色债券期数及募集金额指中国农业银行股份有限公司承销的将所得资金专门用于资助符合规定条件的绿色项目或为这些项目进,3,9,82,ok
2023-1219445729,消费者权益保护,根据《中国银保监会办公厅关于 2023 年加力提升小微企业金融服务质量的通知》（银保监办发〔2023〕42 号），普惠型小微企业贷,3,9,82,ok
2023-1219445729,普惠金融,根据《中国银保监会办公厅关于 2023 年加力提升小微企业金融服务质量的通知》（银保监办发〔2023〕42 号），普惠型小微企业贷,3,9,82,ok
2023-1219445729,乡村振兴,涉农贷款余额包含农户贷款余额、非农户个人农林牧渔业贷款余额、农村企业及各类组织贷款余额以及城市企业及各类组织涉农贷,3,9,82,ok
2024-1222943090,风险管理,包含'风险管理体系'的章节,10,16,82,ok
2024-1222943090,公司治理,加权平均净资产收益率（%）：加权平均净资产收益率根据证监会《公开发行证券的公司信息披露编报规则第 9 号 - 净资产收益率和每股,28,34,82,ok
2024-1222943090,绿色金融,承销绿色债券（含碳中和债）份额（亿元）：承销绿色债券（含碳中和债）份额指本行承销的将所得资金专门用于符合《绿色债券支持项,28,34,82,ok
2024-1222943090,消费者权益保护,消费投诉数量（万件）：包括监管投诉、客服投诉、网点现场投诉等。为反映客户投诉实际情况，本报告中的消费投诉数量已剔除重复投,30,36,82,ok
2024-1222943090,普惠金融,"""普惠金融贷款余额（万亿元）：央行口径普惠金融领域贷款包括单户授信小于 1","000 万元的小微型企业贷款、个体工商户经营性贷款、小""",30,82,ok
2024-1222943090,乡村振兴,160 个国家乡村振兴重点帮扶县贷款余额（亿元）：中国农业银行股份有限公司通过位于 160 个国家乡村振兴重点帮扶县的所有经营机构,30,36,82,ok
2025-1225056284,风险管理,包含'风险管理体系'的章节,5,11,86,ok
2025-1225056284,公司治理,加权平均净资产收益率（%）：加权平均净资产收益率根据证监会《公开发行证券的公司信息披露编报规则第 9 号 - 净资产收益率和每股收益的计算,43,49,86,ok
2025-1225056284,绿色金融,承销绿色债券（含碳中和债）份额（亿元）：承销绿色债券（含碳中和债）份额指本行承销的将所得资金专门用于符合《绿色金融支持项目目录（2025,43,49,86,ok
2025-1225056284,消费者权益保护,普惠型小微企业贷款余额（万亿元）：根据《中国银保监会办公厅关于 2023 年加力提升小微企业金融服务质量的通知》（银保监办发〔2023〕42,46,52,86,ok
2025-1225056284,普惠金融,普惠型小微企业贷款余额（万亿元）：根据《中国银保监会办公厅关于 2023 年加力提升小微企业金融服务质量的通知》（银保监办发〔2023〕42,46,52,86,ok
2025-1225056284,乡村振兴,160 个国家乡村振兴重点帮扶县贷款余额（亿元）：本行通过位于 160 个国家乡村振兴重点帮扶县的所有经营机构发放的贷款和垫款总额。,45,51,86,ok
2021-1212686677,风险管理,包含'风险管理体系'的章节,6,12,92,ok
2021-1212686677,公司治理,包含'审计委员会'的章节,5,11,92,ok
2021-1212686677,绿色金融,“绿色贷款余额“是依据报送人行口径，涵盖境内各分行的节能环保产业、清洁生产产业、清洁能源产业、,18,24,92,ok
2021-1212686677,消费者权益保护,您认为交通银行股份有限公司在客户服务方面做得如何？,21,27,92,ok
2021-1212686677,普惠金融,中小微企业贷款余额是依据报送人行口径小微企业数据加中型企业数据的贷款余额合计。,18,24,92,ok
2021-1212686677,乡村振兴,涉农贷款余额是依据报送人行口径，涵盖城市企业及各类组织涉农贷款、农户贷款、农村企业及各类组织贷,18,24,92,ok
2022-1216276216,风险管理,包含'风险管理体系'的章节,3,9,84,ok
2022-1216276216,公司治理,包含'投资者关系'的章节,6,12,84,ok
2022-1216276216,绿色金融,绿色贷款余额是指依据报送中国人民银行口径，涵盖境内各分行的节能环保产业、清洁生产产业、清洁能源,20,26,84,ok
2022-1216276216,消费者权益保护,您认为交通银行股份有限公司在客户服务方面做得如何？,22,28,84,ok
2022-1216276216,普惠金融,中小微企业贷款余额是指依据报送中国人民银行口径小微企业数据加中型企业数据的贷款余额合计数。,19,25,84,ok
2022-1216276216,乡村振兴,涉农贷款余额是指依据报送中国人民银行口径，涵盖城市企业及各类组织涉农贷款、农户贷款、农村企业及,19,25,84,ok
2023-1219427322,风险管理,包含'风险管理体系'的章节,10,16,85,ok
2023-1219427322,公司治理,包含'投资者关系'的章节,4,10,85,ok
2023-1219427322,绿色金融,包含'环境信息披露'的章节,1,7,85,ok
2023-1219427322,消费者权益保护,包含'消费者权益'的章节,1,7,85,ok
2023-1219427322,普惠金融,包含'个体工商户'的章节,8,14,85,ok
2023-1219427322,乡村振兴,包含'乡村振兴'的章节,1,7,85,ok
2024-1222869569,风险管理,包含'风险管理体系'的章节,4,10,84,ok
2024-1222869569,公司治理,包含'投资者关系'的章节,3,9,84,ok
2024-1222869569,绿色金融,包含'环境信息披露'的章节,1,7,84,ok
2024-1222869569,消费者权益保护,包含'消费者权益'的章节,1,7,84,ok
2024-1222869569,普惠金融,包含'普惠金融'的章节,1,7,84,ok
2024-1222869569,乡村振兴,包含'乡村振兴'的章节,1,7,84,ok
2025-1225047340,风险管理,包含'风险管理体系'的章节,4,10,75,ok
2025-1225047340,公司治理,包含'审计委员会'的章节,3,9,75,ok
2025-1225047340,绿色金融,本行在报告“应对气候变化”和“绿色金融”部分已对气候相关转型风险和物理风险的影响、气候相关机遇的影响、,25,31,75,ok
2025-1225047340,消费者权益保护,包含'消费者权益'的章节,2,8,75,ok
2025-1225047340,普惠金融,包含'普惠金融'的章节,1,7,75,ok
2025-1225047340,乡村振兴,包含'乡村振兴'的章节,1,7,75,ok
2021-1212753514,风险管理,包含'风险管理体系'的章节,2,8,86,ok
2021-1212753514,公司治理,包含'投资者关系'的章节,10,16,86,ok
2021-1212753514,绿色金融,您认为本报告是否能真实反映工商银行社会责任实践对经济、环境、社会的影响？,26,32,86,ok
2021-1212753514,消费者权益保护,包含'消费者权益'的章节,8,14,86,ok
2021-1212753514,普惠金融,公益慈善投入总额不包含扶贫款项（2020 年及以前）。,20,26,86,ok
2021-1212753514,乡村振兴,包含'农业产业化'的章节,7,13,86,ok
2022-1216282262,风险管理,包含'风险管理体系'的章节,2,8,88,ok
2022-1216282262,公司治理,包含'投资者关系'的章节,12,18,88,ok
2022-1216282262,绿色金融,您认为本报告是否能真实反映工商银行社会责任实践对经济、环境、社会的影响？,28,34,88,ok
2022-1216282262,消费者权益保护,包含'消费者权益'的章节,9,15,88,ok
2022-1216282262,普惠金融,包含'个体工商户'的章节,1,7,88,ok
2022-1216282262,乡村振兴,包含'农业产业化'的章节,8,14,88,ok
2023-1219429136,风险管理,包含'风险管理体系'的章节,1,7,84,ok
2023-1219429136,公司治理,举办公司治理相关课程培训的期数（期）：工商银行通过,25,31,84,ok
2023-1219429136,绿色金融,举办绿色金融 / 环境治理相关课程培训的期数（期）：工,25,31,84,ok
2023-1219429136,消费者权益保护,包含'消费者权益'的章节,1,7,84,ok
2023-1219429136,普惠金融,普惠金融课程相关培训人次（人次）：工商银行通过“工,24,30,84,ok
2023-1219429136,乡村振兴,举办乡村振兴 / 县域治理（含农村信用体系建设）相关,25,31,84,ok
2024-1222948913,风险管理,风险管理,4,10,91,ok
2024-1222948913,公司治理,信息披露与公司透明度,4,10,91,ok
2024-1222948913,绿色金融,绿色金融,4,10,91,ok
2024-1222948913,消费者权益保护,与 2023 年相比，本报告期个人客户投诉数量统计口径进一步扩大，除包括监管转办投诉和我行自收投诉，还增加了 12378 热线“一,21,27,91,ok
2024-1222948913,普惠金融,普惠金融与乡村振兴,4,10,91,ok
2024-1222948913,乡村振兴,普惠金融与乡村振兴,4,10,91,ok
2025-1225047021,风险管理,包含'风险管理体系'的章节,1,7,87,ok
2025-1225047021,公司治理,包含'公司治理结构'的章节,40,46,87,ok
2025-1225047021,绿色金融,您认为本报告是否能真实反映工商银行可持续发展实践对经济、环境、社会的影响？,40,46,87,ok
2025-1225047021,消费者权益保护,个人客户投诉包括本行自收投诉、监管转办投诉，以及 12378 热线“一键呼转”至本行的投诉和客户通过金融监管总局“金融消费者,24,30,87,ok
2025-1225047021,普惠金融,79 万户，增速 23.9%。普惠金融服务获 2025 央,39,45,87,ok
2025-1225047021,乡村振兴,“1+4+X”乡村振兴特色金融服务体系指 ：锚定做金融服务乡村全面振兴主力银行“1”个目标，夯实生态聚力、数字驱动、产品适配、,22,28,87,ok
2021-1212753520,风险管理,包含'风险管理'的章节,3,9,80,ok
2021-1212753520,公司治理,包含'公司治理结构'的章节,3,9,80,ok
2021-1212753520,绿色金融,包含'可持续发展'的章节,2,8,80,ok
2021-1212753520,消费者权益保护,包含'消费者权益'的章节,3,9,80,ok
2021-1212753520,普惠金融,包含'普惠金融'的章节,2,8,80,ok
2021-1212753520,乡村振兴,包含'乡村振兴'的章节,6,12,80,ok
2022-1216242333,风险管理,包含'风险管理体系'的章节,5,11,76,ok
2022-1216242333,公司治理,完善架构，深化治理机制 《通知》第二条、第五条：第（一）款、第（三）款； 102,12,18,76,ok
2022-1216242333,绿色金融,您对 2022 年度 ESG 报告的综合评价：,12,18,76,ok
2022-1216242333,消费者权益保护,包含'消费者权益'的章节,3,9,76,ok
2022-1216242333,普惠金融,包含'中小企业融资'的章节,7,13,76,ok
2022-1216242333,乡村振兴,包含'乡村振兴'的章节,1,7,76,ok
2023-1219426931,风险管理,包含'风险管理体系'的章节,6,12,76,ok
2023-1219426931,公司治理,包含'公司治理结构'的章节,3,9,76,ok
2023-1219426931,绿色金融,您对 2023 年度 ESG 报告的综合评价：,19,25,76,ok
2023-1219426931,消费者权益保护,包含'消费者权益'的章节,2,8,76,ok
2023-1219426931,普惠金融,包含'个体工商户'的章节,8,14,76,ok
2023-1219426931,乡村振兴,包含'乡村振兴'的章节,1,7,76,ok
2024-1222926516,风险管理,包含'风险管理体系'的章节,3,9,81,ok
2024-1222926516,公司治理,包含'公司治理结构'的章节,5,11,81,ok
2024-1222926516,绿色金融,您对 2024 年度 ESG 报告的综合评价：,26,32,81,ok
2024-1222926516,消费者权益保护,包含'消费者权益'的章节,2,8,81,ok
2024-1222926516,普惠金融,"""28%，普惠型小微企业贷款户数达 40","847 户，同比增长 1.85%，普惠型小微企业贷款增量全市第一。""",9,81,ok
2024-1222926516,乡村振兴,包含'农业产业化'的章节,17,23,81,ok
2025-1225036741,风险管理,包含'风险管理体系'的章节,5,11,82,ok
2025-1225036741,公司治理,您认为我们在公司治理方面做得如何？,33,39,82,ok
2025-1225036741,绿色金融,03亿元，较年初新增15.09亿元，增速达32.85%；成功发行绍兴首单绿色金融债券，全年合计发行绿色金融,1,7,82,ok
2025-1225036741,消费者权益保护,您认为我们在客户服务方面做得如何？,33,39,82,ok
2025-1225036741,普惠金融,包含'个体工商户'的章节,1,7,82,ok
2025-1225036741,乡村振兴,包含'农业产业化'的章节,15,21,82,ok
2021-1213225112,风险管理,包含'风险管理体系'的章节,3,9,82,ok
2021-1213225112,公司治理,坚持业务合规前置。强化合规前置审查，结合业务实际提出切实可行,7,13,82,ok
2021-1213225112,绿色金融,办公低碳化,5,11,82,ok
2021-1213225112,消费者权益保护,耐心受理解决客户投诉,5,11,82,ok
2021-1213225112,普惠金融,包含'个体工商户'的章节,4,10,82,ok
2021-1213225112,乡村振兴,"""优化支付环境。联合中国银联推出""""乡村振兴主题卡""""，优化农村支付环境。""",4,10,82,ok
2022-1216709524,风险管理,包含'流动性风险'的章节,8,14,93,ok
2022-1216709524,公司治理,包含'投资者关系'的章节,1,7,93,ok
2022-1216709524,绿色金融,低碳化办公,5,11,93,ok
2022-1216709524,消费者权益保护,总行地址：长沙市岳麓区滨江路 53 号楷林商务中心 B座   |  24小时客户服务热线：0731-96511/40067,1,7,93,ok
2022-1216709524,普惠金融,33%；国际贸易融资投放150.16亿元，同比增长73.21%。扎实推进普惠金融、稳企纾困、减费让,1,7,93,ok
2022-1216709524,乡村振兴,包含'乡村振兴'的章节,1,7,93,ok
2023-1219878101,风险管理,包含'风险管理体系'的章节,9,15,90,ok
2023-1219878101,公司治理,包含'公司治理结构'的章节,4,10,90,ok
2023-1219878101,绿色金融,包含'环境信息披露'的章节,1,7,90,ok
2023-1219878101,消费者权益保护,包含'消费者权益'的章节,1,7,90,ok
2023-1219878101,普惠金融,包含'个体工商户'的章节,7,13,90,ok
2023-1219878101,乡村振兴,99%。在湖南省金融机构服务乡村振兴工作考核评估中获评最高等级，获评银行家杂志,6,12,90,ok
2024-1223314435,风险管理,是加强客户环境和社会风险评估管理。出台授,19,25,90,ok
2024-1223314435,公司治理,2 环境合规管理,21,27,90,ok
2024-1223314435,绿色金融,发力绿色金融 积极融入绿水青山,4,10,90,ok
2024-1223314435,消费者权益保护,6 消费者权益保护培训,15,21,90,ok
2024-1223314435,普惠金融,深耕普惠金融 精准滴灌小微企业,5,11,90,ok
2024-1223314435,乡村振兴,乡村振兴,21,27,90,ok
2025-1225235704,风险管理,加强客户环境和社会风险评估管理。结合监,21,27,79,ok
2025-1225235704,公司治理,包含'公司治理结构'的章节,5,11,79,ok
2025-1225235704,绿色金融,95%、8.06%、2.99%。本行投资的绿色债券均为银行机构发行的绿色金融债券。,20,26,79,ok
2025-1225235704,消费者权益保护,总行地址长沙市岳麓区滨江路53号楷林商务中心B座24小时客户服务热线0731-9651140067,23,29,79,ok
2025-1225235704,普惠金融,包含'普惠金融'的章节,1,7,79,ok
2025-1225235704,乡村振兴,96亿元，服务县域产业客户超1.2万户，当年新增客,11,17,79,ok
2021-1212744226,风险管理,包含'风险管理体系'的章节,18,24,89,ok
2021-1212744226,公司治理,包含'公司治理结构'的章节,19,25,89,ok
2021-1212744226,绿色金融,"""ESG披露汇报原则包括:重要性",本行通过会议、问卷调查等方式了解各利益相关方诉求期望，结合本行战略与发展重要内容，统筹确定本行报告重点内容。量化,本行根据监管各方要求，于本报告中严格披露相关定量指标。平衡,89,ok
2021-1212744226,消费者权益保护,包含'消费者权益'的章节,2,8,89,ok
2021-1212744226,普惠金融,包含'普惠金融'的章节,1,7,89,ok
2021-1212744226,乡村振兴,包含'乡村振兴'的章节,1,7,89,ok
2022-1216273537,风险管理,包含'风险管理体系'的章节,1,7,77,ok
2022-1216273537,公司治理,包含'公司治理结构'的章节,19,25,77,ok
2022-1216273537,绿色金融,"""50亿元，较上年末增长29.58%；绿色债券累计承销规模117.70亿元；绿色融资余额5","832.32亿元，较上年末""",10,77,ok
2022-1216273537,消费者权益保护,包含'消费者权益'的章节,1,7,77,ok
2022-1216273537,普惠金融,89%，票据承兑出票时长压降60.48%，小企业信贷工厂审查审批时长压降50%；推广移动互联，“三农”客户经理,9,15,77,ok
2022-1216273537,乡村振兴,包含'农业产业化'的章节,6,12,77,ok
2023-1219443318,风险管理,包含'风险管理体系'的章节,2,8,76,ok
2023-1219443318,公司治理,包含'投资者关系'的章节,18,24,76,ok
2023-1219443318,绿色金融,"""24%；清洁能源产业贷款余额2","329.16亿元，较上年末增长20.76%；绿色债券投资余额367.69亿元；绿色""",10,76,ok
2023-1219443318,消费者权益保护,包含'消费者权益'的章节,1,7,76,ok
2023-1219443318,普惠金融,4万人，线上线下相融合，为小微客户提供有温度的贴心服务，成为我国普惠金融领域的先行者和践行者。成,3,9,76,ok
2023-1219443318,乡村振兴,包含'农业产业化'的章节,2,8,76,ok
2024-1222927897,风险管理,风险管理,17,23,93,ok
2024-1222927897,公司治理,包含'投资者关系'的章节,21,27,93,ok
2024-1222927897,绿色金融,2银行的商业战略与可持续发展,23,29,93,ok
2024-1222927897,消费者权益保护,10件，投诉处理满意度95.59%，投诉办结率为100%，投诉及时率（15日办结）为99.72%。受理投诉主要,14,20,93,ok
2024-1222927897,普惠金融,包含'普惠金融'的章节,1,7,93,ok
2024-1222927897,乡村振兴,包含'乡村振兴'的章节,1,7,93,ok
2025-1225047866,风险管理,包含'风险管理体系'的章节,3,9,86,ok
2025-1225047866,公司治理,监事会：本行于 2025 年 10 月 9 日召开的 2025 年第二次临时股东大会审议批准了《关于修订 < 中国邮政储蓄银行股份有限公司章程 > 的议案》和《关于中国邮,7,13,86,ok
2025-1225047866,绿色金融,绿色债券发行规模（亿元）：报告期内，中国邮政储蓄银行在全国银行间债券市场发行的绿色金融债券规模，根据《中国人民银行公告（〔2015〕第 39 号）（关于,12,18,86,ok
2025-1225047866,消费者权益保护,包含'消费者权益'的章节,2,8,86,ok
2025-1225047866,普惠金融,包含'普惠金融'的章节,2,8,86,ok
2025-1225047866,乡村振兴,包含'乡村振兴'的章节,2,8,86,ok
2021-1213216183,风险管理,包含'风险管理体系'的章节,11,17,82,ok
2021-1213216183,公司治理,您认为本报告能否反映齐鲁银行的公司治理情况？,11,17,82,ok
2021-1213216183,绿色金融,包含'可持续发展'的章节,1,7,82,ok
2021-1213216183,消费者权益保护,包含'消费者权益'的章节,1,7,82,ok
2021-1213216183,普惠金融,包含'普惠金融'的章节,1,7,82,ok
2021-1213216183,乡村振兴,包含'乡村振兴'的章节,1,7,82,ok
2022-1216664967,风险管理,包含'风险管理体系'的章节,1,7,77,ok
2022-1216664967,公司治理,本行倡导“合规从高层做起”“合规人人有责”的经营理念，建立高管引领合规规范机制，积极发挥各级高管人员率先,4,10,77,ok
2022-1216664967,绿色金融,· 绿色发展，环保先行2022社会责任报告,9,15,77,ok
2022-1216664967,消费者权益保护,79%。2022 年度客户对投诉处理结果满意或无异议共 403 笔，不满意 121 笔，全年投诉处理满意率为 76.91%。,7,13,77,ok
2022-1216664967,普惠金融,46%，全面完成普惠金融各项监管考核指标。,3,9,77,ok
2022-1216664967,乡村振兴,包含'乡村振兴'的章节,1,7,77,ok
2023-1219878175,风险管理,包含'风险管理体系'的章节,3,9,85,ok
2023-1219878175,公司治理,包含'投资者关系'的章节,4,10,85,ok
2023-1219878175,绿色金融,包含'可持续发展'的章节,1,7,85,ok
2023-1219878175,消费者权益保护,包含'消费者权益'的章节,2,8,85,ok
2023-1219878175,普惠金融,包含'普惠金融'的章节,1,7,85,ok
2023-1219878175,乡村振兴,包含'乡村振兴'的章节,1,7,85,ok
2024-1223315100,风险管理,包含'风险管理体系'的章节,3,9,88,ok
2024-1223315100,公司治理,包含'投资者关系'的章节,5,11,88,ok
2024-1223315100,绿色金融,包含'可持续发展'的章节,1,7,88,ok
2024-1223315100,消费者权益保护,包含'消费者权益'的章节,1,7,88,ok
2024-1223315100,普惠金融,包含'个体工商户'的章节,6,12,88,ok
2024-1223315100,乡村振兴,包含'乡村振兴'的章节,1,7,88,ok
2025-1225153202,风险管理,包含'风险管理体系'的章节,3,9,79,ok
2025-1225153202,公司治理,包含'投资者关系'的章节,6,12,79,ok
2025-1225153202,绿色金融,包含'可持续发展'的章节,1,7,79,ok
2025-1225153202,消费者权益保护,包含'消费者权益'的章节,1,7,79,ok
2025-1225153202,普惠金融,包含'个体工商户'的章节,1,7,79,ok
2025-1225153202,乡村振兴,包含'乡村振兴'的章节,1,7,79,ok
2021-1212687499,风险管理,包含'风险管理体系'的章节,2,8,87,ok
2021-1212687499,公司治理,为公司治理再上新台阶篇，反映本行在三会一层、,1,7,87,ok
2021-1212687499,绿色金融,二氧化硫排放主要来自于公车耗油，二氧化硫排放数据根据中国环境保护部刊发的《道路机动车大气污染物排放清单编制技术指南（试行）》进行核算。,14,20,87,ok
2021-1212687499,消费者权益保护,包含'消费者权益'的章节,1,7,87,ok
2021-1212687499,普惠金融,包含'普惠金融'的章节,1,7,87,ok
2021-1212687499,乡村振兴,包含'乡村振兴'的章节,1,7,87,ok
2022-1216221039,风险管理,包含'风险管理体系'的章节,3,9,78,ok
2022-1216221039,公司治理,董事会审议,14,20,78,ok
2022-1216221039,绿色金融,二氧化硫排放主要来自于公车耗油，二氧化硫排放数据根据中国环境保护部刊发的《道路机动车大气污染物排放清单编制技术指南（试行）》进行核算。,16,22,78,ok
2022-1216221039,消费者权益保护,包含'消费者权益'的章节,1,7,78,ok
2022-1216221039,普惠金融,包含'普惠金融'的章节,1,7,78,ok
2022-1216221039,乡村振兴,包含'乡村振兴'的章节,1,7,78,ok
2023-1219427336,风险管理,11-2025.09 经济金融、风险管理,5,11,87,ok
2023-1219427336,公司治理,包含'投资者关系'的章节,5,11,87,ok
2023-1219427336,绿色金融,62 亿元，比上年末增长57.44%；绿色债券投资,2,8,87,ok
2023-1219427336,消费者权益保护,包含'消费者权益'的章节,1,7,87,ok
2023-1219427336,普惠金融,74%。提升普惠金融能力，拓宽普惠金融服务覆盖,2,8,87,ok
2023-1219427336,乡村振兴,包含'农业产业化'的章节,8,14,87,ok
2024-1222947755,风险管理,11-2025.09 经济金融、风险管理,6,12,84,ok
2024-1222947755,公司治理,06-2025.09 金融、财务、法律、公司治理,6,12,84,ok
2024-1222947755,绿色金融,您对中国光大银行履行社会责任的其他建议？,26,32,84,ok
2024-1222947755,消费者权益保护,包含'消费者权益'的章节,1,7,84,ok
2024-1222947755,普惠金融,包含'个体工商户'的章节,15,21,84,ok
2024-1222947755,乡村振兴,包含'农业产业化'的章节,10,16,84,ok
2025-1225061518,风险管理,包含'风险管理'的章节,1,7,79,ok
2025-1225061518,公司治理,包含'公司治理'的章节,19,25,79,ok
2025-1225061518,绿色金融,包含'可持续发展'的章节,1,7,79,ok
2025-1225061518,消费者权益保护,包含'消费者权益'的章节,1,7,79,ok
2025-1225061518,普惠金融,包含'普惠金融'的章节,1,7,79,ok
2025-1225061518,乡村振兴,包含'农业'的章节,60,66,79,ok
2021-1213270996,风险管理,包含'风险管理体系'的章节,6,12,92,ok
2021-1213270996,公司治理,包含'公司治理结构'的章节,6,12,92,ok
2021-1213270996,绿色金融,绿色金融推进转型发展,1,7,92,ok
2021-1213270996,消费者权益保护,包含'消费者权益'的章节,1,7,92,ok
2021-1213270996,普惠金融,普惠金融赋能社会治理,1,7,92,ok
2021-1213270996,乡村振兴,包含'乡村振兴'的章节,2,8,92,ok
2022-1216653502,风险管理,3 - 全面风险管理,1,7,86,ok
2022-1216653502,公司治理,2 - 加强内控合规,1,7,86,ok
2022-1216653502,绿色金融,大力发展绿色金融，P79,25,31,86,ok
2022-1216653502,消费者权益保护,3 - 保障客户权益,1,7,86,ok
2022-1216653502,普惠金融,普惠金融，P20,26,32,86,ok
2022-1216653502,乡村振兴,全面推进乡村振兴，P21,25,31,86,ok
2023-1219834221,风险管理,包含'风险管理体系'的章节,9,15,77,ok
2023-1219834221,公司治理,2 加强内控合规,26,32,77,ok
2023-1219834221,绿色金融,2 发展绿色金融,26,32,77,ok
2023-1219834221,消费者权益保护,3 保障客户权益,26,32,77,ok
2023-1219834221,普惠金融,包含'普惠金融'的章节,1,7,77,ok
2023-1219834221,乡村振兴,同时，本行制定和实施助力镇村经济高质量发展暨服务乡村振兴、赋能社会治理、助力共同富裕三年行动计划（2023,15,21,77,ok
2024-1223285575,风险管理,3 风险管理,32,38,86,ok
2024-1223285575,公司治理,1 公司治理,28,34,86,ok
2024-1223285575,绿色金融,2  绿色金融,10,16,86,ok
2024-1223285575,消费者权益保护,8 消费者权益保护 *,20,26,86,ok
2024-1223285575,普惠金融,4 普惠金融 *,17,23,86,ok
2024-1223285575,乡村振兴,2 服务乡村振兴 *,13,19,86,ok
2025-1225150601,风险管理,包含'风险管理体系'的章节,7,13,83,ok
2025-1225150601,公司治理,储晓明先生独立董事任职资格于 2026 年 1 月 6 日经国家金融监督管理总局上海监管局核准。,32,38,83,ok
2025-1225150601,绿色金融,您对上海农商银行报告编制及履行社会责任的其他建议 ?,40,46,83,ok
2025-1225150601,消费者权益保护,数据安全与客户隐私保护,6,12,83,ok
2025-1225150601,普惠金融,平等对待中小企业,6,12,83,ok
2025-1225150601,乡村振兴,乡村振兴,6,12,83,ok
2021-1213177276,风险管理,全面风险管理,2,8,85,ok
2021-1213177276,公司治理,合规经营,2,8,85,ok
2021-1213177276,绿色金融,包含'环境信息披露'的章节,1,7,85,ok
2021-1213177276,消费者权益保护,包含'消费者权益'的章节,1,7,85,ok
2021-1213177276,普惠金融,包含'个体工商户'的章节,5,11,85,ok
2021-1213177276,乡村振兴,包含'乡村振兴'的章节,1,7,85,ok
2022-1216595303,风险管理,包含'全面风险管理'的章节,2,8,94,ok
2022-1216595303,公司治理,包含'投资者关系'的章节,2,8,94,ok
2022-1216595303,绿色金融,包含'环境信息披露'的章节,1,7,94,ok
2022-1216595303,消费者权益保护,包含'消费者权益'的章节,2,8,94,ok
2022-1216595303,普惠金融,包含'个体工商户'的章节,4,10,94,ok
2022-1216595303,乡村振兴,包含'乡村振兴'的章节,1,7,94,ok
2023-1219797258,风险管理,包含'全面风险管理'的章节,2,8,88,ok
2023-1219797258,公司治理,包含'投资者关系'的章节,2,8,88,ok
2023-1219797258,绿色金融,包含'环境信息披露'的章节,5,11,88,ok
2023-1219797258,消费者权益保护,包含'消费者权益'的章节,1,7,88,ok
2023-1219797258,普惠金融,包含'普惠金融'的章节,1,7,88,ok
2023-1219797258,乡村振兴,包含'农业产业化'的章节,4,10,88,ok
2024-1223384751,风险管理,4.4 构建全面风险管理体系,4,10,80,ok
2024-1223384751,公司治理,2.1 健全公司治理体系,3,9,80,ok
2024-1223384751,绿色金融,3 绿色金融低碳转型,5,11,80,ok
2024-1223384751,消费者权益保护,4.4金融知识精准宣教,6,12,80,ok
2024-1223384751,普惠金融,2 普惠金融助力小微,5,11,80,ok
2024-1223384751,乡村振兴,6.1健全涉农服务机制,5,11,80,ok
2025-1225154073,风险管理,包含'风险管理体系'的章节,3,9,90,ok
2025-1225154073,公司治理,3 强化风控守正合规,1,7,90,ok
2025-1225154073,绿色金融,4 运营降耗践行低碳,1,7,90,ok
2025-1225154073,消费者权益保护,包含'消费者权益'的章节,1,7,90,ok
2025-1225154073,普惠金融,包含'普惠金融'的章节,1,7,90,ok
2025-1225154073,乡村振兴,包含'乡村振兴'的章节,1,7,90,ok
2021-1213271026,风险管理,风险管理筑根基,5,11,79,ok
2021-1213271026,公司治理,2021 年 ESG 工作——公司治理篇,5,11,79,ok
2021-1213271026,绿色金融,2021 年 ESG 工作——公司治理篇,5,11,79,ok
2021-1213271026,消费者权益保护,强化消保真行动,4,10,79,ok
2021-1213271026,普惠金融,大力发展普惠金融，践行使命担当,3,9,79,ok
2021-1213271026,乡村振兴,包含'乡村振兴'的章节,1,7,79,ok
2022-1216707444,风险管理,包含'风险管理体系'的章节,1,7,82,ok
2022-1216707444,公司治理,2022 年 ESG 工作——公司治理篇,5,11,82,ok
2022-1216707444,绿色金融,强化绿色信贷理念，发展绿色金融,4,10,82,ok
2022-1216707444,消费者权益保护,保障客户权益，提升服务体验,5,11,82,ok
2022-1216707444,普惠金融,坚守定位，聚焦主业，践行普惠金融理念,3,9,82,ok
2022-1216707444,乡村振兴,包含'乡村振兴'的章节,2,8,82,ok
2023-1219834248,风险管理,包含'风险管理体系'的章节,1,7,79,ok
2023-1219834248,公司治理,2023 年 ESG 工作——公司治理篇,6,12,79,ok
2023-1219834248,绿色金融,强化绿色信贷理念，发展绿色金融,5,11,79,ok
2023-1219834248,消费者权益保护,聚焦老年客群，提升适老服务质量。,4,10,79,ok
2023-1219834248,普惠金融,坚守定位，践行普惠金融理念,3,9,79,ok
2023-1219834248,乡村振兴,全力助推乡村振兴战略。,4,10,79,ok
2024-1223278031,风险管理,包含'全面风险管理'的章节,4,10,75,ok
2024-1223278031,公司治理,包含'公司治理结构'的章节,3,9,75,ok
2024-1223278031,绿色金融,强化绿色信贷理念，发展绿色金融,4,10,75,ok
2024-1223278031,消费者权益保护,保障客户权益，提升服务体验,6,12,75,ok
2024-1223278031,普惠金融,坚守定位，践行普惠金融理念,5,11,75,ok
2024-1223278031,乡村振兴,75%，高于全行贷款平均增速；涉农及小微企业,6,12,75,ok
2025-1225169548,风险管理,包含'全面风险管理'的章节,3,9,89,ok
2025-1225169548,公司治理,包含'公司治理结构'的章节,2,8,89,ok
2025-1225169548,绿色金融,强化绿色信贷理念，发展绿色金融,3,9,89,ok
2025-1225169548,消费者权益保护,保障客户权益，提升服务体验,5,11,89,ok
2025-1225169548,普惠金融,坚守定位，践行普惠金融理念,4,10,89,ok
2025-1225169548,乡村振兴,包含'乡村振兴'的章节,2,8,89,ok
2021-1212729910,风险管理,完善全面风险管理体系,9,15,92,ok
2021-1212729910,公司治理,稳固治理机制,8,14,92,ok
2021-1212729910,绿色金融,社会责任管理....................................................................................................................- 7 -,1,7,92,ok
2021-1212729910,消费者权益保护,注重客户隐私保护,11,17,92,ok
2021-1212729910,普惠金融,包含'个体工商户'的章节,2,8,92,ok
2021-1212729910,乡村振兴,助力乡村振兴,5,11,92,ok
2022-1216234455,风险管理,包含'风险管理体系'的章节,8,14,91,ok
2022-1216234455,公司治理,包含'审计委员会'的章节,2,8,91,ok
2022-1216234455,绿色金融,包括绿色金融债 100 亿元、“三农”专项金融债 50 亿元、小微金融（支持浙江共同服务示范区建设）债 100 亿元,14,20,91,ok
2022-1216234455,消费者权益保护,保护客户隐私和信息安全,10,16,91,ok
2022-1216234455,普惠金融,践行普惠金融,7,13,91,ok
2022-1216234455,乡村振兴,助力乡村振兴,5,11,91,ok
2023-1219447647,风险管理,包含'风险管理体系'的章节,9,15,85,ok
2023-1219447647,公司治理,包含'审计委员会'的章节,15,21,85,ok
2023-1219447647,绿色金融,构建绿色金融生态 .................................................... - 35 -,1,7,85,ok
2023-1219447647,消费者权益保护,优化客户服务体验 .................................................... - 49 -,1,7,85,ok
2023-1219447647,普惠金融,持续深耕普惠金融,7,13,85,ok
2023-1219447647,乡村振兴,支持乡村振兴事业,8,14,85,ok
2024-1222947800,风险管理,深化全面风险管理 ......................................................... - 27 -,1,7,94,ok
2024-1222947800,公司治理,全面优化公司治理 ......................................................... - 23 -,1,7,94,ok
2024-1222947800,绿色金融,完善绿色金融生态 ......................................................... - 48 -,1,7,94,ok
2024-1222947800,消费者权益保护,社会责任与消费者权益保护部于 2025 年 3 月成立,4,10,94,ok
2024-1222947800,普惠金融,持续深耕普惠金融 ......................................................... - 37 -,1,7,94,ok
2024-1222947800,乡村振兴,支持乡村振兴事业 ......................................................... - 39 -,1,7,94,ok
2025-1225060844,风险管理,强化风险管理 ........................................................... - 29 -,1,7,78,ok
2025-1225060844,公司治理,优化公司治理 ........................................................... - 24 -,1,7,78,ok
2025-1225060844,绿色金融,丰富绿色金融 ........................................................... - 47 -,1,7,78,ok
2025-1225060844,消费者权益保护,加强消费者权益保护 ..................................................... - 60 -,1,7,78,ok
2025-1225060844,普惠金融,深耕普惠金融 ........................................................... - 34 -,1,7,78,ok
2025-1225060844,乡村振兴,支持乡村振兴 ........................................................... - 39 -,1,7,78,ok
2021-1212730968,风险管理,包含'风险管理体系'的章节,11,17,82,ok
2021-1212730968,公司治理,董事会的责任,18,24,82,ok
2021-1212730968,绿色金融,包含'可持续发展'的章节,2,8,82,ok
2021-1212730968,消费者权益保护,包含'消费者权益'的章节,2,8,82,ok
2021-1212730968,普惠金融,包含'中小企业融资'的章节,3,9,82,ok
2021-1212730968,乡村振兴,包含'乡村振兴'的章节,1,7,82,ok
2022-1216262765,风险管理,包含'风险管理体系'的章节,2,8,83,ok
2022-1216262765,公司治理,包含'投资者关系'的章节,12,18,83,ok
2022-1216262765,绿色金融,全行高质量发展新支柱和市场竞争新优势。发布《绿色金融发展战略规划（2022,5,11,83,ok
2022-1216262765,消费者权益保护,要求和行内工作实际，研究制定《中国建设银行消费者权益保护工作规划（2023,8,14,83,ok
2022-1216262765,普惠金融,包含'个体工商户'的章节,4,10,83,ok
2022-1216262765,乡村振兴,包含'农业产业化'的章节,5,11,83,ok
2023-1219447699,风险管理,包含'风险管理体系'的章节,4,10,75,ok
2023-1219447699,公司治理,包含'投资者关系'的章节,14,20,75,ok
2023-1219447699,绿色金融,包含'可持续发展'的章节,2,8,75,ok
2023-1219447699,消费者权益保护,包含'消费者权益'的章节,8,14,75,ok
2023-1219447699,普惠金融,4 万亿元。持续加强数字普惠金融模式创新，适配,3,9,75,ok
2023-1219447699,乡村振兴,包含'乡村振兴'的章节,1,7,75,ok
2024-1222940495,风险管理,包含'风险管理体系'的章节,4,10,87,ok
2024-1222940495,公司治理,中国人民银行《金融机构环境信息披露指南》,28,34,87,ok
2024-1222940495,绿色金融,绿色金融 ...................................................................................................... 24,1,7,87,ok
2024-1222940495,消费者权益保护,消费者权益保护 .............................................................................................69,1,7,87,ok
2024-1222940495,普惠金融,普惠金融 .......................................................................................................53,1,7,87,ok
2024-1222940495,乡村振兴,包含'乡村振兴'的章节,3,9,87,ok
2025-1225046555,风险管理,包含'风险管理体系'的章节,4,10,89,ok
2025-1225046555,公司治理,包含'投资者关系'的章节,3,9,89,ok
2025-1225046555,绿色金融,深入做好绿色金融大文章的指导意见》《绿色金融发展战略规划（2022,2,8,89,ok
2025-1225046555,消费者权益保护,包含'消费者权益'的章节,1,7,89,ok
2025-1225046555,普惠金融,包含'个体工商户'的章节,11,17,89,ok
2025-1225046555,乡村振兴,包含'乡村振兴'的章节,2,8,89,ok
2021-1212765374,风险管理,包含'风险管理体系'的章节,1,7,84,ok
2021-1212765374,公司治理,包含'投资者关系'的章节,2,8,84,ok
2021-1212765374,绿色金融,包含'可持续发展'的章节,2,8,84,ok
2021-1212765374,消费者权益保护,包含'消费者权益'的章节,1,7,84,ok
2021-1212765374,普惠金融,包含'中小企业融资'的章节,3,9,84,ok
2021-1212765374,乡村振兴,包含'农业产业化'的章节,4,10,84,ok
2022-1216273578,风险管理,包含'风险管理体系'的章节,1,7,93,ok
2022-1216273578,公司治理,包含'投资者关系'的章节,2,8,93,ok
2022-1216273578,绿色金融,包含'可持续发展'的章节,1,7,93,ok
2022-1216273578,消费者权益保护,包含'消费者权益'的章节,1,7,93,ok
2022-1216273578,普惠金融,包含'中小企业融资'的章节,4,10,93,ok
2022-1216273578,乡村振兴,包含'农业产业化'的章节,5,11,93,ok
2023-1219426937,公司治理,包含'投资者关系'的章节,2,8,88,ok
2023-1219426937,绿色金融,包含'可持续发展'的章节,1,7,88,ok
2023-1219426937,消费者权益保护,包含'消费者权益'的章节,2,8,88,ok
2023-1219426937,乡村振兴,65亿元，普惠型涉农贷款余额155亿元，,6,12,88,ok
2024-1222868917,风险管理,包含'风险控制'的章节,10,16,81,ok
2024-1222868917,公司治理,包含'内部控制'的章节,9,15,81,ok
2024-1222868917,绿色金融,包含'可持续发展'的章节,1,7,81,ok
2024-1222868917,消费者权益保护,包含'消费者权益'的章节,7,13,81,ok
2024-1222868917,普惠金融,包含'个体工商户'的章节,1,7,81,ok
2024-1222868917,乡村振兴,82亿元，较年初增长59.75亿元，乡村振兴贷款投放214亿元，乡村振兴债券投放45亿元。,5,11,81,ok
2025-1225252846,公司治理,包含'公司治理'的章节,4,10,92,ok
2025-1225252846,绿色金融,包含'绿色金融'的章节,18,24,92,ok
2025-1225252846,消费者权益保护,包含'信息安全'的章节,12,18,92,ok
2025-1225252846,普惠金融,普惠金融部,1,7,92,ok
2021-1212727439,风险管理,包含'风险管理体系'的章节,1,7,79,ok
2021-1212727439,公司治理,包含'投资者关系'的章节,2,8,79,ok
2021-1212727439,绿色金融,您对中行在致力绿色金融和低碳运营方面履行社会责任的评价是：,30,36,79,ok
2021-1212727439,消费者权益保护,包含'消费者权益'的章节,1,7,79,ok
2021-1212727439,普惠金融,包含'个体工商户'的章节,7,13,79,ok
2021-1212727439,乡村振兴,包含'乡村振兴'的章节,1,7,79,ok
2022-1216276311,风险管理,全面风险管理,25,31,76,ok
2022-1216276311,公司治理,优化公司治理,25,31,76,ok
2022-1216276311,绿色金融,发展绿色金融,25,31,76,ok
2022-1216276311,消费者权益保护,消费者权益保护,25,31,76,ok
2022-1216276311,普惠金融,2021—2025 年期间，普惠型小微企业贷款“两增两控”完成情,29,35,76,ok
2022-1216276311,乡村振兴,助力乡村振兴,25,31,76,ok
2023-1219445794,风险管理,5 金融机构环境风险管理流程,35,41,86,ok
2023-1219445794,公司治理,2 金融机构环境相关治理结构,35,41,86,ok
2023-1219445794,绿色金融,在绿色金融方面设定目标包括：,33,39,86,ok
2023-1219445794,消费者权益保护,包含'消费者权益'的章节,1,7,86,ok
2023-1219445794,普惠金融,在普惠金融方面设定目标包括：,33,39,86,ok
2023-1219445794,乡村振兴,"""5%，其中县域地区投放 3","335 台，同比增长 33.7%。""",10,86,ok
2024-1222911235,风险管理,5 金融机构环境风险管理流程,30,36,94,ok
2024-1222911235,公司治理,2 金融机构环境相关治理结构,30,36,94,ok
2024-1222911235,绿色金融,10 绿色金融创新及研究成果,30,36,94,ok
2024-1222911235,消费者权益保护,包含'消费者权益'的章节,1,7,94,ok
2024-1222911235,普惠金融,包含'个体工商户'的章节,2,8,94,ok
2024-1222911235,乡村振兴,包含'乡村振兴'的章节,1,7,94,ok
2025-1225058484,风险管理,包含'风险管理体系'的章节,9,15,91,ok
2025-1225058484,公司治理,包含'投资者关系'的章节,6,12,91,ok
2025-1225058484,绿色金融,71 亿美元。报告期内，本行持续加大对绿色行业授信支持力度，绿色信贷投放对利息收,12,18,91,ok
2025-1225058484,消费者权益保护,包含'消费者权益'的章节,1,7,91,ok
2025-1225058484,普惠金融,"""77 万亿元，较年初新增 4","904.76 亿元，较上年末增长 21.52%；普惠型小微企业贷款客户数""",50,91,ok
2025-1225058484,乡村振兴,包含'乡村振兴'的章节,2,8,91,ok
2021-1213217274,风险管理,加强全面风险管理,3,9,87,ok
2021-1213217274,公司治理,强化公司治理,3,9,87,ok
2021-1213217274,绿色金融,践行绿色发展，倡导低碳运营 .................................................................... 41,2,8,87,ok
2021-1213217274,消费者权益保护,开展金融知识宣传教育,8,14,87,ok
2021-1213217274,普惠金融,巩固扶贫成果，推进乡村振兴 .................................................................... 26,1,7,87,ok
2021-1213217274,乡村振兴,巩固扶贫成果，推进乡村振兴 .................................................................... 26,1,7,87,ok
2022-1216707566,风险管理,加强全面风险管理,3,9,86,ok
2022-1216707566,公司治理,强化公司治理,3,9,86,ok
2022-1216707566,绿色金融,践行绿色发展，倡导低碳运营 ......................................................................... 40,2,8,86,ok
2022-1216707566,消费者权益保护,开展农村金融知识普及宣传教育,8,14,86,ok
2022-1216707566,普惠金融,巩固扶贫成果，推进乡村振兴 ......................................................................... 27,1,7,86,ok
2022-1216707566,乡村振兴,巩固扶贫成果，推进乡村振兴 ......................................................................... 27,1,7,86,ok
2023-1219878523,风险管理,加强全面风险管理,3,9,77,ok
2023-1219878523,公司治理,强化公司治理,3,9,77,ok
2023-1219878523,绿色金融,践行绿色发展，倡导低碳运营 ......................................................................... 37,2,8,77,ok
2023-1219878523,消费者权益保护,持续开展农村地区金融知识普及宣传,7,13,77,ok
2023-1219878523,普惠金融,巩固扶贫成果，推进乡村振兴 ......................................................................... 26,1,7,77,ok
2023-1219878523,乡村振兴,巩固扶贫成果，推进乡村振兴 ......................................................................... 26,1,7,77,ok
2024-1223385084,风险管理,加强全面风险管理,3,9,86,ok
2024-1223385084,公司治理,强化公司治理,3,9,86,ok
2024-1223385084,绿色金融,践行绿色发展，倡导低碳运营 ......................................................................... 39,2,8,86,ok
2024-1223385084,消费者权益保护,持续开展农村地区金融知识普及工作,8,14,86,ok
2024-1223385084,普惠金融,巩固扶贫成果，推进乡村振兴 ......................................................................... 27,1,7,86,ok
2024-1223385084,乡村振兴,巩固扶贫成果，推进乡村振兴 ......................................................................... 27,1,7,86,ok
2025-1225151048,风险管理,加强全面风险管理,3,9,92,ok
2025-1225151048,公司治理,强化公司治理,3,9,92,ok
2025-1225151048,绿色金融,践行绿色发展，倡导低碳运营 ......................................................................... 38,2,8,92,ok
2025-1225151048,消费者权益保护,持续开展金融知识宣传,8,14,92,ok
2025-1225151048,普惠金融,巩固扶贫成果，推进乡村振兴 ......................................................................... 26,1,7,92,ok
2025-1225151048,乡村振兴,巩固扶贫成果，推进乡村振兴 ......................................................................... 26,1,7,92,ok
2021-1212669953,风险管理,全面风险管理,10,16,79,ok
2021-1212669953,公司治理,公司治理,4,10,79,ok
2021-1212669953,绿色金融,绿色金融,11,17,79,ok
2021-1212669953,消费者权益保护,消费者权益保护,18,24,79,ok
2021-1212669953,普惠金融,普惠金融,9,15,79,ok
2021-1212669953,乡村振兴,包含'农业产业化'的章节,9,15,79,ok
2022-1216202398,风险管理,3.1  风险管理体系建设,6,12,84,ok
2022-1216202398,公司治理,2.1  公司治理架构,5,11,84,ok
2022-1216202398,绿色金融,1.5  绿色金融培训,12,18,84,ok
2022-1216202398,消费者权益保护,1.5.1  消费者权益保护概述,15,21,84,ok
2022-1216202398,普惠金融,3 发展普惠金融,10,16,84,ok
2022-1216202398,乡村振兴,3.1  助力乡村振兴,19,25,84,ok
2023-1219375053,风险管理,2.1  风险管理体系建设,8,14,87,ok
2023-1219375053,公司治理,1.1  公司治理架构,6,12,87,ok
2023-1219375053,绿色金融,1.1  绿色金融发展战略,15,21,87,ok
2023-1219375053,消费者权益保护,围绕客户  精进服务质量................................................................................... 79,2,8,87,ok
2023-1219375053,普惠金融,4 发展普惠金融,14,20,87,ok
2023-1219375053,乡村振兴,1.1  助力乡村振兴,27,33,87,ok
2024-1222911387,风险管理,2 风险管理体系,30,36,88,ok
2024-1222911387,公司治理,2 公司治理架构,28,34,88,ok
2024-1222911387,绿色金融,绿色金融,34,40,88,ok
2024-1222911387,消费者权益保护,数据安全与客户隐私保护,36,42,88,ok
2024-1222911387,普惠金融,普惠金融,35,41,88,ok
2024-1222911387,乡村振兴,3.2 乡村振兴,16,22,88,ok
2025-1225022295,风险管理,3.1  全面风险管理,38,44,82,ok
2025-1225022295,公司治理,2  公司治理架构,36,42,82,ok
2025-1225022295,绿色金融,绿色金融,41,47,82,ok
2025-1225022295,消费者权益保护,消费者权益保护,42,48,82,ok
2025-1225022295,普惠金融,普惠金融,42,48,82,ok
2025-1225022295,乡村振兴,3.2  支持乡村振兴,20,26,82,ok
2021-1213171178,风险管理,包含'风险管理'的章节,1,7,87,ok
2021-1213171178,公司治理,包含'投资者关系'的章节,1,7,87,ok
2021-1213171178,绿色金融,协办“六五环境日”环保科技低碳行系列活动,4,10,87,ok
2021-1213171178,消费者权益保护,包含'消费者权益'的章节,2,8,87,ok
2021-1213171178,普惠金融,16亿元，其中农户贷款余额107.64亿元，较年初增长21.26亿元；涉农及小微企业贷款占比达81.16%，较年初提升,3,9,87,ok
2021-1213171178,乡村振兴,16亿元，其中农户贷款余额107.64亿元，较年初增长21.26亿元；涉农及小微企业贷款占比达81.16%，较年初提升,3,9,87,ok
2022-1216666428,风险管理,包含'风险管理体系'的章节,2,8,92,ok
2022-1216666428,公司治理,包含'投资者关系'的章节,1,7,92,ok
2022-1216666428,绿色金融,立项碳中和管理平台开发工作,3,9,92,ok
2022-1216666428,消费者权益保护,包含'消费者权益'的章节,1,7,92,ok
2022-1216666428,普惠金融,包含'普惠金融'的章节,2,8,92,ok
2022-1216666428,乡村振兴,包含'乡村振兴'的章节,1,7,92,ok
2023-1219879841,风险管理,包含'风险管理'的章节,1,7,77,ok
2023-1219879841,公司治理,包含'投资者关系'的章节,1,7,77,ok
2023-1219879841,绿色金融,2023年度社会责任（ESG）报告,1,7,77,ok
2023-1219879841,消费者权益保护,包含'消费者权益'的章节,1,7,77,ok
2023-1219879841,普惠金融,包含'普惠金融'的章节,3,9,77,ok
2023-1219879841,乡村振兴,包含'乡村振兴'的章节,3,9,77,ok
2024-1223422528,风险管理,包含'风险管理体系'的章节,6,12,86,ok
2024-1223422528,公司治理,您认为我们在公司治理方面做得如何？,28,34,86,ok
2024-1223422528,绿色金融,您认为我们在绿色金融方面做得如何？,28,34,86,ok
2024-1223422528,消费者权益保护,您认为我们在客户服务方面做得如何？,28,34,86,ok
2024-1223422528,普惠金融,包含'中小企业融资'的章节,12,18,86,ok
2024-1223422528,乡村振兴,包含'农业产业化'的章节,25,31,86,ok
2025-1225266561,风险管理,包含'风险管理体系'的章节,4,10,88,ok
2025-1225266561,公司治理,您认为我们在公司治理方面做得如何？,31,37,88,ok
2025-1225266561,绿色金融,您认为我们在绿色金融方面做得如何？,31,37,88,ok
2025-1225266561,消费者权益保护,您认为我们在客户服务方面做得如何？,31,37,88,ok
2025-1225266561,普惠金融,5亿元，当年已到期普惠金融系列产品均超过业绩比较基准兑付，切实助力居民实现财富保值增值。,10,16,88,ok
2025-1225266561,乡村振兴,包含'农业产业化'的章节,10,16,88,ok
